31,4,M,FPS,Activition,1 a 16
32,4,M,FPS,Activition,1 a 16
33,4,M,FPS,Activition,1 a 16
34,4,M,FPS,Activition,1 a 16
35,4,M,FPS,Activition,1 a 16
36,5,M,"TPS, FPS",EA DICE,1 a 40
37,5,M,"TPS, FPS",EA DICE,1 a 40
38,5,M,"TPS, FPS",EA DICE,1 a 40
39,5,M,"TPS, FPS",EA DICE,1 a 40
40,5,M,"TPS, FPS",EA DICE,1 a 40
41,3,E,Carreras,Nintendo,1 a 6
42,3,E,Carreras,Nintendo,1 a 6
43,3,E,Carreras,Nintendo,1 a 6
44,3,E,Carreras,Nintendo,1 a 6
45,3,E,Carreras,Nintendo,1 a 6
,,,,,
,,,,,
,,,,,
,,,,,
,,,,,
,,,,,
,,,,,
,,,,,
,,,,,
,,,,,
,,,,,
,,,,,
,,,,,
,,,,,
,,,,,
,,,,,
,,,,,
,,,,,
,,,,,
,,,,,
,,,,,
,,,,,
,,,,,
,,,,,
,,,,,
,,,,,
,,,,,
,,,,,
,,,,,
,,,,,
,,,,,