IDPEDIDO,IDSUCURSAL,PRECIOPROV,NOMBRE,DESCRIPCION,,,,,,,,,,,,,
1,1,800,Call of Duty WWII,"Call of Duty regresa a sus raices con Call of Duty: WWII, una experiencia sobrecogedora que redefine la Segunda Guerra Mundial para una nueva generacion",,,,,,,,,,,,,1
1,1,800,Call of Duty WWII,"Call of Duty regresa a sus raices con Call of Duty: WWII, una experiencia sobrecogedora que redefine la Segunda Guerra Mundial para una nueva generacion",,,,,,,,,,,,,2
1,1,800,Call of Duty WWII,"Call of Duty regresa a sus raices con Call of Duty: WWII, una experiencia sobrecogedora que redefine la Segunda Guerra Mundial para una nueva generacion",,,,,,,,,,,,,3
1,1,800,Call of Duty WWII,"Call of Duty regresa a sus raices con Call of Duty: WWII, una experiencia sobrecogedora que redefine la Segunda Guerra Mundial para una nueva generacion",,,,,,,,,,,,,4
1,1,800,Call of Duty WWII,"Call of Duty regresa a sus raices con Call of Duty: WWII, una experiencia sobrecogedora que redefine la Segunda Guerra Mundial para una nueva generacion",,,,,,,,,,,,,5
1,1,900,Star Wars Batllefront II,Conviértete en el héroe de una galaxia en guerra con Star Wars Battlefront II.,,,,,,,,,,,,,6
1,1,900,Star Wars Batllefront II,Conviértete en el héroe de una galaxia en guerra con Star Wars Battlefront II.,,,,,,,,,,,,,7
1,1,900,Star Wars Batllefront II,Conviértete en el héroe de una galaxia en guerra con Star Wars Battlefront II.,,,,,,,,,,,,,8
1,1,900,Star Wars Batllefront II,Conviértete en el héroe de una galaxia en guerra con Star Wars Battlefront II.,,,,,,,,,,,,,9
1,1,900,Star Wars Batllefront II,Conviértete en el héroe de una galaxia en guerra con Star Wars Battlefront II.,,,,,,,,,,,,,10
1,1,700,Mario Kart 8,Vuelven las carreras más locas de las consolas de Nintendo.,,,,,,,,,,,,,11
1,1,700,Mario Kart 8,Vuelven las carreras más locas de las consolas de Nintendo.,,,,,,,,,,,,,12
1,1,700,Mario Kart 8,Vuelven las carreras más locas de las consolas de Nintendo.,,,,,,,,,,,,,13
1,1,700,Mario Kart 8,Vuelven las carreras más locas de las consolas de Nintendo.,,,,,,,,,,,,,14
1,1,700,Mario Kart 8,Vuelven las carreras más locas de las consolas de Nintendo.,,,,,,,,,,,,,15
1,1,5000,Xbox One S,Empieza a disfrutar de la mejor oferta en videojuegos y entretenimiento 4K con la consola Xbox One  REACONDICIONADA. ,,,,,,,,,,,,,16
1,1,5000,Xbox One S,Empieza a disfrutar de la mejor oferta en videojuegos y entretenimiento 4K con la consola Xbox One  REACONDICIONADA. ,,,,,,,,,,,,,17
1,1,5000,Xbox One S,Empieza a disfrutar de la mejor oferta en videojuegos y entretenimiento 4K con la consola Xbox One  REACONDICIONADA. ,,,,,,,,,,,,,18
1,1,5000,Xbox One S,Empieza a disfrutar de la mejor oferta en videojuegos y entretenimiento 4K con la consola Xbox One  REACONDICIONADA. ,,,,,,,,,,,,,19
1,1,5000,Xbox One S,Empieza a disfrutar de la mejor oferta en videojuegos y entretenimiento 4K con la consola Xbox One  REACONDICIONADA. ,,,,,,,,,,,,,20
1,1,6000,Playstation 4,Este bundle es ideal para los fans de PlayStation que están adquiriendo su consola de PS4,,,,,,,,,,,,,21
1,1,6000,Playstation 4,Este bundle es ideal para los fans de PlayStation que están adquiriendo su consola de PS4,,,,,,,,,,,,,22
1,1,6000,Playstation 4,Este bundle es ideal para los fans de PlayStation que están adquiriendo su consola de PS4,,,,,,,,,,,,,23
1,1,6000,Playstation 4,Este bundle es ideal para los fans de PlayStation que están adquiriendo su consola de PS4,,,,,,,,,,,,,24
1,1,6000,Playstation 4,Este bundle es ideal para los fans de PlayStation que están adquiriendo su consola de PS4,,,,,,,,,,,,,25
1,1,4000,Wii U Negro Deluxe,"Con Wii U, experimentaras una nueva forma de vivir la experiencia de juego – envolvente. ",,,,,,,,,,,,,26
1,1,4000,Wii U Negro Deluxe,"Con Wii U, experimentaras una nueva forma de vivir la experiencia de juego – envolvente. ",,,,,,,,,,,,,27
1,1,4000,Wii U Negro Deluxe,"Con Wii U, experimentaras una nueva forma de vivir la experiencia de juego – envolvente. ",,,,,,,,,,,,,28
1,1,4000,Wii U Negro Deluxe,"Con Wii U, experimentaras una nueva forma de vivir la experiencia de juego – envolvente. ",,,,,,,,,,,,,29
1,1,4000,Wii U Negro Deluxe,"Con Wii U, experimentaras una nueva forma de vivir la experiencia de juego – envolvente. ",,,,,,,,,,,,,30
2,2,800,Call of Duty WWII,"Call of Duty regresa a sus raices con Call of Duty: WWII, una experiencia sobrecogedora que redefine la Segunda Guerra Mundial para una nueva generacion",,,,,,,,,,,,,31
2,2,800,Call of Duty WWII,"Call of Duty regresa a sus raices con Call of Duty: WWII, una experiencia sobrecogedora que redefine la Segunda Guerra Mundial para una nueva generacion",,,,,,,,,,,,,32
2,2,800,Call of Duty WWII,"Call of Duty regresa a sus raices con Call of Duty: WWII, una experiencia sobrecogedora que redefine la Segunda Guerra Mundial para una nueva generacion",,,,,,,,,,,,,33
2,2,800,Call of Duty WWII,"Call of Duty regresa a sus raices con Call of Duty: WWII, una experiencia sobrecogedora que redefine la Segunda Guerra Mundial para una nueva generacion",,,,,,,,,,,,,34
2,2,800,Call of Duty WWII,"Call of Duty regresa a sus raices con Call of Duty: WWII, una experiencia sobrecogedora que redefine la Segunda Guerra Mundial para una nueva generacion",,,,,,,,,,,,,35
2,2,900,Star Wars Batllefront II,Conviértete en el héroe de una galaxia en guerra con Star Wars Battlefront II.,,,,,,,,,,,,,36
2,2,900,Star Wars Batllefront II,Conviértete en el héroe de una galaxia en guerra con Star Wars Battlefront II.,,,,,,,,,,,,,37
2,2,900,Star Wars Batllefront II,Conviértete en el héroe de una galaxia en guerra con Star Wars Battlefront II.,,,,,,,,,,,,,38
2,2,900,Star Wars Batllefront II,Conviértete en el héroe de una galaxia en guerra con Star Wars Battlefront II.,,,,,,,,,,,,,39
2,2,900,Star Wars Batllefront II,Conviértete en el héroe de una galaxia en guerra con Star Wars Battlefront II.,,,,,,,,,,,,,40
2,2,700,Mario Kart 8,Vuelven las carreras más locas de las consolas de Nintendo.,,,,,,,,,,,,,41
2,2,700,Mario Kart 8,Vuelven las carreras más locas de las consolas de Nintendo.,,,,,,,,,,,,,42
2,2,700,Mario Kart 8,Vuelven las carreras más locas de las consolas de Nintendo.,,,,,,,,,,,,,43
2,2,700,Mario Kart 8,Vuelven las carreras más locas de las consolas de Nintendo.,,,,,,,,,,,,,44
2,2,700,Mario Kart 8,Vuelven las carreras más locas de las consolas de Nintendo.,,,,,,,,,,,,,45
2,2,5000,Xbox One S,Empieza a disfrutar de la mejor oferta en videojuegos y entretenimiento 4K con la consola Xbox One  REACONDICIONADA. ,,,,,,,,,,,,,46
2,2,5000,Xbox One S,Empieza a disfrutar de la mejor oferta en videojuegos y entretenimiento 4K con la consola Xbox One  REACONDICIONADA. ,,,,,,,,,,,,,47
2,2,5000,Xbox One S,Empieza a disfrutar de la mejor oferta en videojuegos y entretenimiento 4K con la consola Xbox One  REACONDICIONADA. ,,,,,,,,,,,,,48
2,2,5000,Xbox One S,Empieza a disfrutar de la mejor oferta en videojuegos y entretenimiento 4K con la consola Xbox One  REACONDICIONADA. ,,,,,,,,,,,,,49
2,2,5000,Xbox One S,Empieza a disfrutar de la mejor oferta en videojuegos y entretenimiento 4K con la consola Xbox One  REACONDICIONADA. ,,,,,,,,,,,,,50
2,2,6000,Playstation 4,Este bundle es ideal para los fans de PlayStation que están adquiriendo su consola de PS4,,,,,,,,,,,,,51
2,2,6000,Playstation 4,Este bundle es ideal para los fans de PlayStation que están adquiriendo su consola de PS4,,,,,,,,,,,,,52
2,2,6000,Playstation 4,Este bundle es ideal para los fans de PlayStation que están adquiriendo su consola de PS4,,,,,,,,,,,,,53
2,2,6000,Playstation 4,Este bundle es ideal para los fans de PlayStation que están adquiriendo su consola de PS4,,,,,,,,,,,,,54
2,2,6000,Playstation 4,Este bundle es ideal para los fans de PlayStation que están adquiriendo su consola de PS4,,,,,,,,,,,,,55
2,2,4000,Wii U Negro Deluxe,"Con Wii U, experimentaras una nueva forma de vivir la experiencia de juego – envolvente. ",,,,,,,,,,,,,56
2,2,4000,Wii U Negro Deluxe,"Con Wii U, experimentaras una nueva forma de vivir la experiencia de juego – envolvente. ",,,,,,,,,,,,,57
2,2,4000,Wii U Negro Deluxe,"Con Wii U, experimentaras una nueva forma de vivir la experiencia de juego – envolvente. ",,,,,,,,,,,,,58
2,2,4000,Wii U Negro Deluxe,"Con Wii U, experimentaras una nueva forma de vivir la experiencia de juego – envolvente. ",,,,,,,,,,,,,59
2,2,4000,Wii U Negro Deluxe,"Con Wii U, experimentaras una nueva forma de vivir la experiencia de juego – envolvente. ",,,,,,,,,,,,,60
3,3,800,Call of Duty WWII,"Call of Duty regresa a sus raices con Call of Duty: WWII, una experiencia sobrecogedora que redefine la Segunda Guerra Mundial para una nueva generacion",,,,,,,,,,,,,61
3,3,800,Call of Duty WWII,"Call of Duty regresa a sus raices con Call of Duty: WWII, una experiencia sobrecogedora que redefine la Segunda Guerra Mundial para una nueva generacion",,,,,,,,,,,,,62
3,3,800,Call of Duty WWII,"Call of Duty regresa a sus raices con Call of Duty: WWII, una experiencia sobrecogedora que redefine la Segunda Guerra Mundial para una nueva generacion",,,,,,,,,,,,,63
3,3,800,Call of Duty WWII,"Call of Duty regresa a sus raices con Call of Duty: WWII, una experiencia sobrecogedora que redefine la Segunda Guerra Mundial para una nueva generacion",,,,,,,,,,,,,64
3,3,800,Call of Duty WWII,"Call of Duty regresa a sus raices con Call of Duty: WWII, una experiencia sobrecogedora que redefine la Segunda Guerra Mundial para una nueva generacion",,,,,,,,,,,,,65
3,3,900,Star Wars Batllefront II,Conviértete en el héroe de una galaxia en guerra con Star Wars Battlefront II.,,,,,,,,,,,,,66
3,3,900,Star Wars Batllefront II,Conviértete en el héroe de una galaxia en guerra con Star Wars Battlefront II.,,,,,,,,,,,,,67
3,3,900,Star Wars Batllefront II,Conviértete en el héroe de una galaxia en guerra con Star Wars Battlefront II.,,,,,,,,,,,,,68
3,3,900,Star Wars Batllefront II,Conviértete en el héroe de una galaxia en guerra con Star Wars Battlefront II.,,,,,,,,,,,,,69
3,3,900,Star Wars Batllefront II,Conviértete en el héroe de una galaxia en guerra con Star Wars Battlefront II.,,,,,,,,,,,,,70
3,3,700,Mario Kart 8,Vuelven las carreras más locas de las consolas de Nintendo.,,,,,,,,,,,,,71
3,3,700,Mario Kart 8,Vuelven las carreras más locas de las consolas de Nintendo.,,,,,,,,,,,,,72
3,3,700,Mario Kart 8,Vuelven las carreras más locas de las consolas de Nintendo.,,,,,,,,,,,,,73
3,3,700,Mario Kart 8,Vuelven las carreras más locas de las consolas de Nintendo.,,,,,,,,,,,,,74
3,3,700,Mario Kart 8,Vuelven las carreras más locas de las consolas de Nintendo.,,,,,,,,,,,,,75
3,3,5000,Xbox One S,Empieza a disfrutar de la mejor oferta en videojuegos y entretenimiento 4K con la consola Xbox One  REACONDICIONADA. ,,,,,,,,,,,,,76
3,3,5000,Xbox One S,Empieza a disfrutar de la mejor oferta en videojuegos y entretenimiento 4K con la consola Xbox One  REACONDICIONADA. ,,,,,,,,,,,,,77
3,3,5000,Xbox One S,Empieza a disfrutar de la mejor oferta en videojuegos y entretenimiento 4K con la consola Xbox One  REACONDICIONADA. ,,,,,,,,,,,,,78
3,3,5000,Xbox One S,Empieza a disfrutar de la mejor oferta en videojuegos y entretenimiento 4K con la consola Xbox One  REACONDICIONADA. ,,,,,,,,,,,,,79
3,3,5000,Xbox One S,Empieza a disfrutar de la mejor oferta en videojuegos y entretenimiento 4K con la consola Xbox One  REACONDICIONADA. ,,,,,,,,,,,,,80
3,3,6000,Playstation 4,Este bundle es ideal para los fans de PlayStation que están adquiriendo su consola de PS4,,,,,,,,,,,,,81
3,3,6000,Playstation 4,Este bundle es ideal para los fans de PlayStation que están adquiriendo su consola de PS4,,,,,,,,,,,,,82
3,3,6000,Playstation 4,Este bundle es ideal para los fans de PlayStation que están adquiriendo su consola de PS4,,,,,,,,,,,,,83
3,3,6000,Playstation 4,Este bundle es ideal para los fans de PlayStation que están adquiriendo su consola de PS4,,,,,,,,,,,,,84
3,3,6000,Playstation 4,Este bundle es ideal para los fans de PlayStation que están adquiriendo su consola de PS4,,,,,,,,,,,,,85
3,3,4000,Wii U Negro Deluxe,"Con Wii U, experimentaras una nueva forma de vivir la experiencia de juego – envolvente. ",,,,,,,,,,,,,86
3,3,4000,Wii U Negro Deluxe,"Con Wii U, experimentaras una nueva forma de vivir la experiencia de juego – envolvente. ",,,,,,,,,,,,,87
3,3,4000,Wii U Negro Deluxe,"Con Wii U, experimentaras una nueva forma de vivir la experiencia de juego – envolvente. ",,,,,,,,,,,,,88
3,3,4000,Wii U Negro Deluxe,"Con Wii U, experimentaras una nueva forma de vivir la experiencia de juego – envolvente. ",,,,,,,,,,,,,89
3,3,4000,Wii U Negro Deluxe,"Con Wii U, experimentaras una nueva forma de vivir la experiencia de juego – envolvente. ",,,,,,,,,,,,,90