idProducto,idCliente,idEmpleado,tipo,Monto,fecha,metodoPago
1885,3731,1,Venta,0,01/01/17,Efectivo
1925,2793,3,Venta,0,01/01/17,Efectivo
12,4729,2,Venta,0,01/01/17,Efectivo
2729,4303,5,Venta,0,01/01/17,Tarjeta
1264,49,5,Venta,0,01/01/17,Efectivo
2932,3727,4,Venta,0,02/01/17,Efectivo
742,2806,4,Venta,0,02/01/17,Tarjeta
2882,4233,7,Venta,0,02/01/17,Efectivo
119,4622,2,Venta,0,03/01/17,Tarjeta
101,1715,5,Venta,0,03/01/17,Tarjeta
2067,1345,6,Venta,0,03/01/17,Tarjeta
1478,2967,1,Venta,0,04/01/17,Efectivo
1064,3114,1,Venta,0,05/01/17,Tarjeta
212,2489,2,Venta,0,05/01/17,Tarjeta
633,3104,5,Venta,0,05/01/17,Tarjeta
141,1364,5,Venta,0,06/01/17,Tarjeta
39,432,5,Venta,0,06/01/17,Efectivo
1941,3710,2,Venta,0,07/01/17,Tarjeta
1253,1077,3,Venta,0,08/01/17,Tarjeta
2778,3509,6,Venta,0,08/01/17,Efectivo
1729,245,2,Venta,0,08/01/17,Efectivo
185,67,3,Venta,0,08/01/17,Tarjeta
1383,4360,3,Venta,0,09/01/17,Efectivo
282,2335,4,Venta,0,11/01/17,Tarjeta
1237,4315,6,Venta,0,12/01/17,Tarjeta
1744,531,1,Venta,0,12/01/17,Efectivo
528,1988,3,Venta,0,12/01/17,Efectivo
468,1788,7,Venta,0,12/01/17,Tarjeta
771,1686,1,Venta,0,13/01/17,Efectivo
2206,252,3,Venta,0,13/01/17,Efectivo
205,784,6,Venta,0,13/01/17,Efectivo
193,2469,6,Venta,0,13/01/17,Efectivo
2828,4120,7,Venta,0,13/01/17,Tarjeta
1180,776,4,Venta,0,14/01/17,Efectivo
182,4721,1,Venta,0,14/01/17,Efectivo
1292,3997,5,Venta,0,14/01/17,Tarjeta
1956,2412,1,Venta,0,14/01/17,Tarjeta
1291,2450,3,Venta,0,15/01/17,Tarjeta
945,1629,5,Venta,0,15/01/17,Efectivo
231,4360,3,Venta,0,15/01/17,Tarjeta
2099,1452,4,Venta,0,16/01/17,Tarjeta
866,1727,1,Venta,0,16/01/17,Efectivo
1346,1636,4,Venta,0,16/01/17,Tarjeta
1470,2247,7,Venta,0,16/01/17,Tarjeta
2863,4341,2,Venta,0,16/01/17,Efectivo
203,2482,6,Venta,0,17/01/17,Efectivo
2059,1872,5,Venta,0,18/01/17,Tarjeta
2018,4436,5,Venta,0,18/01/17,Tarjeta
1146,4621,6,Venta,0,18/01/17,Tarjeta
458,4746,6,Venta,0,18/01/17,Efectivo
2561,4902,1,Venta,0,18/01/17,Efectivo
2011,3305,4,Venta,0,18/01/17,Tarjeta
2588,2255,3,Venta,0,18/01/17,Tarjeta
2875,1715,2,Venta,0,19/01/17,Efectivo
936,1626,1,Venta,0,19/01/17,Tarjeta
1765,1613,2,Venta,0,20/01/17,Efectivo
2901,3336,2,Venta,0,20/01/17,Tarjeta
399,1826,7,Venta,0,20/01/17,Efectivo
449,1420,7,Venta,0,20/01/17,Efectivo
1199,4251,1,Venta,0,20/01/17,Tarjeta
407,4394,1,Venta,0,21/01/17,Tarjeta
1216,2184,4,Venta,0,21/01/17,Tarjeta
2186,2715,2,Venta,0,21/01/17,Tarjeta
1348,434,2,Venta,0,22/01/17,Tarjeta
453,4730,4,Venta,0,22/01/17,Tarjeta
1510,1424,6,Venta,0,22/01/17,Tarjeta
2541,507,6,Venta,0,22/01/17,Tarjeta
219,3396,7,Venta,0,22/01/17,Tarjeta
350,802,5,Venta,0,22/01/17,Tarjeta
2253,2340,7,Venta,0,22/01/17,Efectivo
2514,4772,4,Venta,0,23/01/17,Efectivo
957,2081,2,Venta,0,23/01/17,Tarjeta
396,1167,3,Venta,0,23/01/17,Tarjeta
872,713,7,Venta,0,23/01/17,Tarjeta
81,97,7,Venta,0,24/01/17,Efectivo
1633,511,5,Venta,0,24/01/17,Efectivo
943,61,7,Venta,0,24/01/17,Tarjeta
1083,4284,3,Venta,0,24/01/17,Efectivo
1361,3254,1,Venta,0,24/01/17,Efectivo
2540,3178,2,Venta,0,25/01/17,Efectivo
1700,4002,3,Venta,0,25/01/17,Efectivo
2905,4934,7,Venta,0,25/01/17,Tarjeta
425,813,4,Venta,0,26/01/17,Tarjeta
2620,4965,7,Venta,0,26/01/17,Efectivo
1542,1850,7,Venta,0,27/01/17,Tarjeta
1519,2024,2,Venta,0,27/01/17,Tarjeta
1095,2797,5,Venta,0,27/01/17,Efectivo
1100,2630,4,Venta,0,27/01/17,Efectivo
2331,3699,7,Venta,0,27/01/17,Tarjeta
13,4142,7,Venta,0,27/01/17,Tarjeta
2628,4084,5,Venta,0,28/01/17,Efectivo
2396,817,4,Venta,0,28/01/17,Efectivo
1878,4120,4,Venta,0,28/01/17,Efectivo
1176,2013,2,Venta,0,28/01/17,Efectivo
586,2354,2,Venta,0,28/01/17,Efectivo
2155,1536,6,Venta,0,28/01/17,Tarjeta
1504,1921,7,Venta,0,29/01/17,Tarjeta
1410,4220,5,Venta,0,29/01/17,Tarjeta
1184,3966,3,Venta,0,29/01/17,Efectivo
2443,2534,4,Venta,0,29/01/17,Efectivo
2881,2400,1,Venta,0,29/01/17,Efectivo
1060,48,7,Venta,0,29/01/17,Efectivo
1353,26,1,Venta,0,30/01/17,Efectivo
26,2439,4,Venta,0,30/01/17,Tarjeta
2824,1660,5,Venta,0,31/01/17,Tarjeta
232,1648,6,Venta,0,31/01/17,Efectivo
2590,1114,7,Venta,0,31/01/17,Tarjeta
933,2074,7,Venta,0,31/01/17,Efectivo
1916,3940,5,Venta,0,05/01/17,Tarjeta
612,1735,3,Venta,0,05/01/17,Tarjeta
1434,4523,1,Venta,0,05/01/17,Tarjeta
2066,1507,1,Venta,0,05/01/17,Efectivo
1921,4431,3,Venta,0,05/01/17,Tarjeta
2573,753,1,Venta,0,05/01/17,Efectivo
554,3461,7,Venta,0,05/01/17,Tarjeta
2584,3171,3,Venta,0,05/01/17,Tarjeta
533,6,3,Venta,0,05/01/17,Tarjeta
2662,687,7,Venta,0,05/01/17,Efectivo
2691,3132,4,Venta,0,05/01/17,Tarjeta
1226,3967,2,Venta,0,05/01/17,Efectivo
1074,789,5,Venta,0,05/01/17,Efectivo
1639,1595,4,Venta,0,05/01/17,Efectivo
763,2304,1,Venta,0,05/01/17,Efectivo
1333,2639,7,Venta,0,05/01/17,Tarjeta
1622,3050,7,Venta,0,05/01/17,Tarjeta
2391,2506,6,Venta,0,05/01/17,Efectivo
2604,4836,2,Venta,0,05/01/17,Tarjeta
73,3466,6,Venta,0,05/01/17,Tarjeta
1987,3619,1,Venta,0,05/01/17,Efectivo
1123,212,5,Venta,0,05/01/17,Tarjeta
1223,3167,1,Venta,0,05/01/17,Tarjeta
1151,2368,1,Venta,0,05/01/17,Efectivo
1087,1640,4,Venta,0,05/01/17,Efectivo
620,1086,7,Venta,0,05/01/17,Tarjeta
2357,2339,2,Venta,0,05/01/17,Tarjeta
2023,1408,3,Venta,0,05/01/17,Tarjeta
1259,4802,1,Venta,0,05/01/17,Efectivo
2397,3085,5,Venta,0,05/01/17,Tarjeta
277,3213,6,Venta,0,05/01/17,Tarjeta
814,4448,5,Venta,0,05/01/17,Efectivo
2404,2952,3,Venta,0,05/01/17,Efectivo
2912,2498,1,Venta,0,05/01/17,Efectivo
1268,1740,3,Venta,0,05/01/17,Tarjeta
568,4090,1,Venta,0,05/01/17,Tarjeta
2660,2877,4,Venta,0,05/01/17,Tarjeta
607,2753,5,Venta,0,05/01/17,Efectivo
925,2072,5,Venta,0,05/01/17,Tarjeta
983,2639,1,Venta,0,05/01/17,Efectivo
2784,4030,1,Venta,0,05/01/17,Efectivo
1716,716,3,Venta,0,05/01/17,Efectivo
640,3992,3,Venta,0,05/01/17,Efectivo
1354,60,1,Venta,0,05/01/17,Efectivo
2318,1516,2,Venta,0,05/01/17,Tarjeta
1814,1236,1,Venta,0,05/01/17,Efectivo
2113,3216,5,Venta,0,05/01/17,Tarjeta
849,2281,1,Venta,0,05/01/17,Tarjeta
1521,772,7,Venta,0,05/01/17,Tarjeta
1469,1465,5,Venta,0,05/01/17,Efectivo
1335,1242,7,Venta,0,05/01/17,Tarjeta
1983,4898,5,Venta,0,05/01/17,Tarjeta
1793,4314,3,Venta,0,05/01/17,Efectivo
759,721,7,Venta,0,05/01/17,Tarjeta
1669,2259,4,Venta,0,05/01/17,Efectivo
650,2438,4,Venta,0,05/01/17,Efectivo
2801,4891,6,Venta,0,05/01/17,Efectivo
1192,1876,1,Venta,0,05/01/17,Efectivo
2180,4874,7,Venta,0,05/01/17,Tarjeta
1821,754,1,Venta,0,05/01/17,Tarjeta
164,696,4,Venta,0,05/01/17,Tarjeta
584,3718,5,Venta,0,05/01/17,Efectivo
1813,2105,4,Venta,0,05/01/17,Tarjeta
2387,269,7,Venta,0,05/01/17,Tarjeta
2648,3830,6,Venta,0,05/01/17,Efectivo
2652,530,2,Venta,0,05/01/17,Tarjeta
676,2875,1,Venta,0,05/01/17,Efectivo
8,672,7,Venta,0,05/01/17,Tarjeta
223,4749,5,Venta,0,05/01/17,Efectivo
1503,4395,6,Venta,0,05/01/17,Efectivo
1564,3975,4,Venta,0,05/01/17,Tarjeta
2106,4407,7,Venta,0,05/01/17,Efectivo
1477,1869,4,Venta,0,05/01/17,Tarjeta
2753,508,5,Venta,0,05/01/17,Tarjeta
84,1174,3,Venta,0,05/01/17,Efectivo
1823,2754,2,Venta,0,05/01/17,Efectivo
2938,3283,4,Venta,0,05/01/17,Efectivo
2893,4044,7,Venta,0,05/01/17,Tarjeta
1586,3260,6,Venta,0,05/01/17,Tarjeta
806,343,3,Venta,0,05/01/17,Tarjeta
1135,2045,3,Venta,0,05/01/17,Tarjeta
145,3220,7,Venta,0,05/01/17,Tarjeta
671,2953,4,Venta,0,05/01/17,Tarjeta
2611,1508,4,Venta,0,05/01/17,Tarjeta
1965,4675,6,Venta,0,05/01/17,Tarjeta
16,2489,3,Venta,0,05/01/17,Tarjeta
1695,2458,2,Venta,0,05/01/17,Efectivo
1053,3676,4,Venta,0,05/01/17,Tarjeta
1976,510,6,Venta,0,05/01/17,Efectivo
968,2718,4,Venta,0,05/01/17,Tarjeta
2659,1142,1,Venta,0,05/01/17,Efectivo
552,3136,3,Venta,0,05/01/17,Efectivo
6,408,1,Venta,0,05/01/17,Efectivo
2482,102,3,Venta,0,05/01/17,Tarjeta
1547,1983,2,Venta,0,05/01/17,Tarjeta
715,3634,2,Venta,0,05/01/17,Efectivo
2469,2853,7,Venta,0,25/02/17,Tarjeta
511,1753,5,Venta,0,25/02/17,Efectivo
1824,362,1,Venta,0,25/02/17,Efectivo
790,2425,6,Venta,0,25/02/17,Tarjeta
1783,4476,5,Venta,0,25/02/17,Efectivo
379,2548,2,Venta,0,26/02/17,Efectivo
1352,2976,5,Venta,0,27/02/17,Efectivo
190,3277,6,Venta,0,28/02/17,Tarjeta
2774,2374,1,Venta,0,28/02/17,Efectivo
1548,2479,6,Venta,0,01/03/17,Efectivo
1107,3972,2,Venta,0,01/03/17,Tarjeta
648,3364,7,Venta,0,01/03/17,Efectivo
2252,961,2,Venta,0,01/03/17,Tarjeta
1938,2659,6,Venta,0,01/03/17,Tarjeta
438,4,4,Venta,0,02/03/17,Tarjeta
2711,720,1,Venta,0,02/03/17,Efectivo
690,40,1,Venta,0,02/03/17,Tarjeta
1267,3089,5,Venta,0,02/03/17,Efectivo
2401,3883,7,Venta,0,03/03/17,Efectivo
1612,2801,7,Venta,0,03/03/17,Efectivo
2436,486,5,Venta,0,03/03/17,Tarjeta
2771,688,4,Venta,0,03/03/17,Tarjeta
347,3692,7,Venta,0,03/03/17,Tarjeta
2260,454,5,Venta,0,04/03/17,Efectivo
1405,2586,4,Venta,0,04/03/17,Efectivo
989,4329,1,Venta,0,04/03/17,Efectivo
158,3907,1,Venta,0,05/03/17,Tarjeta
1350,2507,6,Venta,0,05/03/17,Efectivo
1545,4938,1,Venta,0,05/03/17,Tarjeta
74,4426,4,Venta,0,06/03/17,Tarjeta
897,1275,1,Venta,0,06/03/17,Tarjeta
2970,4393,5,Venta,0,06/03/17,Efectivo
2081,2075,7,Venta,0,06/03/17,Tarjeta
1879,4899,2,Venta,0,06/03/17,Tarjeta
2745,322,7,Venta,0,06/03/17,Tarjeta
252,4341,4,Venta,0,06/03/17,Tarjeta
1996,18,6,Venta,0,07/03/17,Efectivo
845,4765,2,Venta,0,07/03/17,Efectivo
2030,3735,4,Venta,0,07/03/17,Tarjeta
1852,2276,1,Venta,0,07/03/17,Efectivo
463,1377,1,Venta,0,07/03/17,Efectivo
674,895,1,Venta,0,07/03/17,Tarjeta
2509,2955,4,Venta,0,07/03/17,Tarjeta
1770,1335,6,Venta,0,07/03/17,Efectivo
1067,2634,7,Venta,0,07/03/17,Tarjeta
1017,94,2,Venta,0,08/03/17,Efectivo
1934,1144,5,Venta,0,08/03/17,Tarjeta
90,567,5,Venta,0,08/03/17,Tarjeta
898,1995,4,Venta,0,08/03/17,Tarjeta
262,701,6,Venta,0,08/03/17,Tarjeta
2166,2340,1,Venta,0,08/03/17,Tarjeta
619,3478,2,Venta,0,08/03/17,Efectivo
2069,1737,5,Venta,0,08/03/17,Efectivo
1274,3909,2,Venta,0,09/03/17,Tarjeta
1970,887,1,Venta,0,09/03/17,Tarjeta
2570,1886,6,Venta,0,09/03/17,Efectivo
739,3339,3,Venta,0,09/03/17,Tarjeta
1388,4299,6,Venta,0,09/03/17,Tarjeta
1795,782,7,Venta,0,09/03/17,Tarjeta
914,1615,4,Venta,0,10/03/17,Efectivo
117,3295,4,Venta,0,10/03/17,Efectivo
1378,616,6,Venta,0,10/03/17,Efectivo
2856,3035,6,Venta,0,10/03/17,Efectivo
796,4365,7,Venta,0,10/03/17,Efectivo
1587,2122,2,Venta,0,11/03/17,Tarjeta
1150,3851,6,Venta,0,12/03/17,Tarjeta
2847,1136,2,Venta,0,12/03/17,Tarjeta
109,1809,3,Venta,0,13/03/17,Efectivo
150,4877,4,Venta,0,13/03/17,Efectivo
810,928,2,Venta,0,13/03/17,Tarjeta
570,445,6,Venta,0,14/03/17,Efectivo
560,4038,7,Venta,0,14/03/17,Tarjeta
1870,857,6,Venta,0,14/03/17,Efectivo
589,745,6,Venta,0,15/03/17,Tarjeta
439,3058,7,Venta,0,15/03/17,Efectivo
1714,4467,5,Venta,0,15/03/17,Tarjeta
2616,1245,6,Venta,0,15/03/17,Tarjeta
209,1443,7,Venta,0,15/03/17,Efectivo
1299,1334,3,Venta,0,15/03/17,Tarjeta
755,2702,2,Venta,0,15/03/17,Tarjeta
455,3004,5,Venta,0,16/03/17,Tarjeta
1034,638,5,Venta,0,16/03/17,Tarjeta
2130,1945,3,Venta,0,16/03/17,Tarjeta
1317,701,4,Venta,0,16/03/17,Efectivo
1345,1074,3,Venta,0,16/03/17,Tarjeta
1745,1479,1,Venta,0,16/03/17,Tarjeta
2077,1747,2,Venta,0,17/03/17,Tarjeta
1303,1669,5,Venta,0,17/03/17,Tarjeta
1544,3242,5,Venta,0,17/03/17,Efectivo
2226,2655,7,Venta,0,18/03/17,Tarjeta
694,2812,6,Venta,0,18/03/17,Tarjeta
2960,1720,2,Venta,0,18/03/17,Efectivo
1963,803,2,Venta,0,18/03/17,Efectivo
366,3795,5,Venta,0,18/03/17,Tarjeta
1907,905,3,Venta,0,19/03/17,Tarjeta
930,4601,2,Venta,0,19/03/17,Efectivo
1621,4126,6,Venta,0,20/03/17,Tarjeta
858,2648,1,Venta,0,20/03/17,Tarjeta
475,3337,7,Venta,0,21/03/17,Efectivo
555,1917,1,Venta,0,21/03/17,Tarjeta
401,235,3,Venta,0,22/03/17,Tarjeta
2490,1712,6,Venta,0,22/03/17,Tarjeta
2732,3852,6,Venta,0,22/03/17,Tarjeta
2913,2326,2,Venta,0,22/03/17,Tarjeta
448,4740,7,Venta,0,22/03/17,Tarjeta
2734,4624,5,Venta,0,23/03/17,Efectivo
2350,193,4,Venta,0,23/03/17,Tarjeta
249,4865,7,Venta,0,23/03/17,Tarjeta
1703,680,4,Venta,0,23/03/17,Efectivo
306,570,4,Venta,0,23/03/17,Efectivo
1247,496,3,Venta,0,23/03/17,Efectivo
2479,1134,5,Venta,0,23/03/17,Efectivo
2441,3359,1,Venta,0,23/03/17,Efectivo
1901,4811,6,Venta,0,23/03/17,Efectivo
2979,789,6,Venta,0,24/03/17,Efectivo
268,2454,1,Venta,0,25/03/17,Tarjeta
2056,389,7,Venta,0,25/03/17,Tarjeta
2455,1021,4,Venta,0,25/03/17,Tarjeta
272,3011,7,Venta,0,25/03/17,Tarjeta
1511,2442,7,Venta,0,25/03/17,Tarjeta
2304,3914,1,Venta,0,25/03/17,Efectivo
1432,4766,1,Venta,0,26/03/17,Tarjeta
2642,2625,4,Venta,0,26/03/17,Efectivo
2361,3034,5,Venta,0,26/03/17,Tarjeta
882,1748,4,Venta,0,27/03/17,Tarjeta
1423,3283,3,Venta,0,27/03/17,Efectivo
807,2547,6,Venta,0,27/03/17,Tarjeta
2727,4798,5,Venta,0,27/03/17,Efectivo
2930,1112,5,Venta,0,27/03/17,Tarjeta
237,3970,6,Venta,0,27/03/17,Efectivo
947,958,4,Venta,0,27/03/17,Tarjeta
1712,4970,7,Venta,0,27/03/17,Tarjeta
2831,4211,6,Venta,0,27/03/17,Tarjeta
2967,2856,4,Venta,0,27/03/17,Efectivo
1389,1843,4,Venta,0,27/03/17,Tarjeta
368,1783,5,Venta,0,28/03/17,Tarjeta
743,1925,1,Venta,0,28/03/17,Tarjeta
122,16,7,Venta,0,28/03/17,Efectivo
886,2390,3,Venta,0,28/03/17,Tarjeta
2317,2169,1,Venta,0,28/03/17,Tarjeta
1605,739,6,Venta,0,28/03/17,Tarjeta
2343,1994,2,Venta,0,29/03/17,Efectivo
104,2465,7,Venta,0,29/03/17,Tarjeta
828,2519,1,Venta,0,29/03/17,Efectivo
409,656,7,Venta,0,29/03/17,Tarjeta
2986,674,3,Venta,0,30/03/17,Efectivo
2120,1285,3,Venta,0,30/03/17,Efectivo
1364,1471,2,Venta,0,31/03/17,Tarjeta
1568,3623,2,Venta,0,31/03/17,Efectivo
1440,3861,5,Venta,0,31/03/17,Efectivo
2898,968,6,Venta,0,31/03/17,Efectivo
2948,3813,6,Venta,0,31/03/17,Efectivo
2586,720,1,Venta,0,31/03/17,Efectivo
2529,578,1,Venta,0,31/03/17,Efectivo
2498,2194,7,Venta,0,01/04/17,Efectivo
2951,1433,2,Venta,0,01/04/17,Tarjeta
1500,2755,6,Venta,0,02/04/17,Efectivo
547,715,6,Venta,0,03/04/17,Tarjeta
1203,4118,1,Venta,0,03/04/17,Efectivo
2871,1603,6,Venta,0,03/04/17,Efectivo
2212,1368,1,Venta,0,03/04/17,Tarjeta
524,646,2,Venta,0,03/04/17,Tarjeta
596,1394,7,Venta,0,03/04/17,Tarjeta
1841,4928,5,Venta,0,04/04/17,Efectivo
248,2005,6,Venta,0,04/04/17,Tarjeta
2290,2979,2,Venta,0,04/04/17,Tarjeta
2417,1100,4,Venta,0,04/04/17,Efectivo
2162,2636,7,Venta,0,04/04/17,Efectivo
1723,2560,7,Venta,0,04/04/17,Tarjeta
2612,3595,6,Venta,0,04/04/17,Efectivo
2507,3551,5,Venta,0,05/04/17,Tarjeta
2952,4249,1,Venta,0,05/04/17,Tarjeta
2953,3124,4,Venta,0,05/04/17,Tarjeta
2060,4853,6,Venta,0,05/04/17,Tarjeta
892,4203,2,Venta,0,05/04/17,Tarjeta
1733,4537,6,Venta,0,06/04/17,Tarjeta
1898,4851,6,Venta,0,06/04/17,Tarjeta
1433,15,2,Venta,0,06/04/17,Efectivo
2613,480,3,Venta,0,06/04/17,Tarjeta
251,112,3,Venta,0,06/04/17,Efectivo
2161,2569,4,Venta,0,07/04/17,Efectivo
56,3927,2,Venta,0,07/04/17,Tarjeta
2621,4600,7,Venta,0,07/04/17,Efectivo
406,4245,7,Venta,0,07/04/17,Efectivo
2423,1293,1,Venta,0,07/04/17,Efectivo
2272,3353,6,Venta,0,08/04/17,Tarjeta
2689,4930,5,Venta,0,08/04/17,Efectivo
843,2391,6,Venta,0,08/04/17,Efectivo
1937,116,2,Venta,0,08/04/17,Efectivo
2914,3645,5,Venta,0,08/04/17,Tarjeta
170,4260,7,Venta,0,08/04/17,Efectivo
1277,320,5,Venta,0,08/04/17,Tarjeta
54,2992,6,Venta,0,08/04/17,Efectivo
1769,440,4,Venta,0,08/04/17,Tarjeta
1011,4987,7,Venta,0,09/04/17,Efectivo
2840,4639,2,Venta,0,09/04/17,Tarjeta
2810,1834,4,Venta,0,09/04/17,Tarjeta
1689,4919,3,Venta,0,10/04/17,Efectivo
2989,2269,3,Venta,0,11/04/17,Tarjeta
1249,2222,4,Venta,0,11/04/17,Efectivo
405,4968,7,Venta,0,11/04/17,Tarjeta
1159,4893,2,Venta,0,11/04/17,Tarjeta
1463,4148,3,Venta,0,12/04/17,Efectivo
665,2345,6,Venta,0,12/04/17,Tarjeta
979,3690,7,Venta,0,12/04/17,Tarjeta
1375,2421,1,Venta,0,12/04/17,Tarjeta
2487,3083,6,Venta,0,12/04/17,Efectivo
45,451,5,Venta,0,12/04/17,Efectivo
1773,2941,7,Venta,0,13/04/17,Tarjeta
1604,3412,1,Venta,0,13/04/17,Tarjeta
2146,841,6,Venta,0,13/04/17,Efectivo
1330,702,2,Venta,0,14/04/17,Efectivo
1174,4359,2,Venta,0,14/04/17,Efectivo
2085,1972,3,Venta,0,14/04/17,Efectivo
2421,300,5,Venta,0,14/04/17,Tarjeta
1038,876,7,Venta,0,14/04/17,Tarjeta
1549,4561,5,Venta,0,14/04/17,Tarjeta
2483,3789,1,Venta,0,14/04/17,Efectivo
1356,3307,5,Venta,0,14/04/17,Tarjeta
1927,4102,1,Venta,0,14/04/17,Tarjeta
761,3106,1,Venta,0,15/04/17,Tarjeta
948,4117,2,Venta,0,15/04/17,Tarjeta
2335,1779,7,Venta,0,15/04/17,Efectivo
99,2874,5,Venta,0,15/04/17,Tarjeta
1269,2633,1,Venta,0,15/04/17,Efectivo
311,3658,4,Venta,0,16/04/17,Efectivo
2434,286,1,Venta,0,16/04/17,Efectivo
1620,4249,5,Venta,0,16/04/17,Tarjeta
2749,2378,4,Venta,0,16/04/17,Efectivo
876,2226,4,Venta,0,16/04/17,Tarjeta
1890,1094,6,Venta,0,16/04/17,Efectivo
2353,188,5,Venta,0,17/04/17,Tarjeta
2790,2859,2,Venta,0,17/04/17,Tarjeta
1505,3263,3,Venta,0,17/04/17,Efectivo
1360,423,2,Venta,0,17/04/17,Tarjeta
520,3402,1,Venta,0,17/04/17,Efectivo
723,599,4,Venta,0,17/04/17,Tarjeta
2796,3989,4,Venta,0,18/04/17,Efectivo
1798,4112,6,Venta,0,18/04/17,Tarjeta
278,3612,6,Venta,0,18/04/17,Tarjeta
2899,3540,1,Venta,0,19/04/17,Efectivo
1073,2707,7,Venta,0,19/04/17,Efectivo
2516,3837,2,Venta,0,19/04/17,Efectivo
760,2735,7,Venta,0,19/04/17,Tarjeta
2827,4377,3,Venta,0,19/04/17,Efectivo
829,635,5,Venta,0,19/04/17,Efectivo
2309,4384,6,Venta,0,20/04/17,Tarjeta
2027,2813,3,Venta,0,20/04/17,Tarjeta
1999,4640,6,Venta,0,20/04/17,Tarjeta
184,698,4,Venta,0,20/04/17,Tarjeta
2188,1255,1,Venta,0,20/04/17,Tarjeta
2687,4510,7,Venta,0,21/04/17,Efectivo
853,3139,3,Venta,0,21/04/17,Tarjeta
2558,490,7,Venta,0,22/04/17,Tarjeta
802,4064,3,Venta,0,22/04/17,Efectivo
920,1366,3,Venta,0,22/04/17,Efectivo
1855,2500,5,Venta,0,22/04/17,Tarjeta
2685,1719,1,Venta,0,22/04/17,Tarjeta
355,1739,1,Venta,0,23/04/17,Efectivo
1116,124,3,Venta,0,23/04/17,Tarjeta
1828,2695,4,Venta,0,23/04/17,Efectivo
617,2852,7,Venta,0,23/04/17,Efectivo
1859,2244,2,Venta,0,23/04/17,Tarjeta
2768,1152,4,Venta,0,24/04/17,Tarjeta
1416,1404,2,Venta,0,24/04/17,Tarjeta
2370,691,4,Venta,0,25/04/17,Tarjeta
976,3316,7,Venta,0,25/04/17,Tarjeta
1485,1991,3,Venta,0,25/04/17,Efectivo
1189,3905,3,Venta,0,25/04/17,Tarjeta
1121,346,3,Venta,0,25/04/17,Efectivo
1417,310,7,Venta,0,25/04/17,Efectivo
2684,1402,4,Venta,0,26/04/17,Tarjeta
1334,3715,7,Venta,0,26/04/17,Efectivo
2480,1814,7,Venta,0,26/04/17,Tarjeta
869,2786,2,Venta,0,26/04/17,Efectivo
2016,997,2,Venta,0,26/04/17,Tarjeta
2562,3649,2,Venta,0,26/04/17,Efectivo
1007,4267,7,Venta,0,27/04/17,Efectivo
1395,1965,5,Venta,0,27/04/17,Tarjeta
2038,3553,1,Venta,0,27/04/17,Tarjeta
972,148,1,Venta,0,27/04/17,Tarjeta
614,4900,2,Venta,0,27/04/17,Efectivo
902,4894,5,Venta,0,28/04/17,Efectivo
523,2871,1,Venta,0,28/04/17,Tarjeta
260,4356,6,Venta,0,29/04/17,Efectivo
1647,1607,2,Venta,0,29/04/17,Tarjeta
2554,1309,3,Venta,0,30/04/17,Efectivo
2919,168,1,Venta,0,30/04/17,Tarjeta
2303,958,1,Venta,0,30/04/17,Tarjeta
2020,3778,1,Venta,0,30/04/17,Tarjeta
724,746,3,Venta,0,01/05/17,Efectivo
805,4249,7,Venta,0,01/05/17,Tarjeta
1757,4004,6,Venta,0,01/05/17,Tarjeta
2133,4519,3,Venta,0,01/05/17,Tarjeta
1392,3561,2,Venta,0,02/05/17,Tarjeta
563,3245,3,Venta,0,02/05/17,Efectivo
832,2844,5,Venta,0,02/05/17,Efectivo
1903,943,3,Venta,0,03/05/17,Efectivo
1055,1572,7,Venta,0,03/05/17,Efectivo
1308,4991,2,Venta,0,03/05/17,Tarjeta
2656,1908,2,Venta,0,03/05/17,Tarjeta
419,4279,2,Venta,0,03/05/17,Tarjeta
600,4641,6,Venta,0,04/05/17,Tarjeta
1496,2426,7,Venta,0,04/05/17,Tarjeta
510,4636,3,Venta,0,04/05/17,Tarjeta
279,3430,1,Venta,0,04/05/17,Efectivo
1311,4737,6,Venta,0,05/05/17,Efectivo
2377,3754,2,Venta,0,05/05/17,Efectivo
1202,3561,7,Venta,0,05/05/17,Efectivo
133,64,4,Venta,0,05/05/17,Efectivo
2157,3875,7,Venta,0,06/05/17,Tarjeta
2873,3140,7,Venta,0,06/05/17,Tarjeta
2193,762,4,Venta,0,06/05/17,Tarjeta
144,1933,5,Venta,0,07/05/17,Tarjeta
1680,1002,7,Venta,0,07/05/17,Tarjeta
970,4945,7,Venta,0,07/05/17,Efectivo
2285,4187,1,Venta,0,07/05/17,Efectivo
2222,1226,3,Venta,0,07/05/17,Tarjeta
1809,4466,7,Venta,0,07/05/17,Efectivo
2431,3955,4,Venta,0,08/05/17,Tarjeta
1012,3171,2,Venta,0,08/05/17,Efectivo
2543,4598,2,Venta,0,08/05/17,Efectivo
2940,3359,2,Venta,0,08/05/17,Tarjeta
885,2243,3,Venta,0,08/05/17,Tarjeta
565,2764,1,Venta,0,09/05/17,Efectivo
373,3659,5,Venta,0,09/05/17,Efectivo
2837,1171,2,Venta,0,10/05/17,Efectivo
635,4534,5,Venta,0,10/05/17,Tarjeta
937,1261,5,Venta,0,10/05/17,Tarjeta
1561,4284,3,Venta,0,10/05/17,Efectivo
128,4426,3,Venta,0,10/05/17,Efectivo
1475,2258,4,Venta,0,10/05/17,Efectivo
194,3585,1,Venta,0,11/05/17,Tarjeta
928,2174,1,Venta,0,11/05/17,Tarjeta
388,1378,2,Venta,0,11/05/17,Tarjeta
1894,2119,1,Venta,0,11/05/17,Tarjeta
566,56,5,Venta,0,11/05/17,Tarjeta
2296,112,5,Venta,0,11/05/17,Efectivo
2971,3689,3,Venta,0,12/05/17,Efectivo
2891,2993,1,Venta,0,12/05/17,Efectivo
2519,3845,4,Venta,0,12/05/17,Efectivo
95,3152,4,Venta,0,12/05/17,Tarjeta
1939,2702,7,Venta,0,12/05/17,Efectivo
2655,626,1,Venta,0,12/05/17,Tarjeta
2647,3042,5,Venta,0,13/05/17,Tarjeta
1597,4847,7,Venta,0,13/05/17,Efectivo
779,2607,5,Venta,0,13/05/17,Efectivo
784,1449,3,Venta,0,13/05/17,Efectivo
571,3192,6,Venta,0,13/05/17,Efectivo
1623,3579,5,Venta,0,13/05/17,Tarjeta
2941,177,3,Venta,0,13/05/17,Tarjeta
2231,1751,3,Venta,0,14/05/17,Tarjeta
660,4614,7,Venta,0,14/05/17,Efectivo
956,1750,4,Venta,0,14/05/17,Efectivo
1899,220,3,Venta,0,15/05/17,Efectivo
1105,2828,1,Venta,0,15/05/17,Efectivo
2866,4464,1,Venta,0,15/05/17,Tarjeta
1537,4503,4,Venta,0,15/05/17,Tarjeta
2634,741,5,Venta,0,16/05/17,Efectivo
2939,1179,5,Venta,0,16/05/17,Tarjeta
1136,4583,2,Venta,0,16/05/17,Tarjeta
61,4581,7,Venta,0,17/05/17,Efectivo
49,488,2,Venta,0,17/05/17,Efectivo
1952,1637,6,Venta,0,17/05/17,Tarjeta
2428,369,4,Venta,0,17/05/17,Tarjeta
1613,4765,3,Venta,0,18/05/17,Efectivo
2996,4866,2,Venta,0,18/05/17,Efectivo
2945,3546,1,Venta,0,18/05/17,Tarjeta
757,814,2,Venta,0,18/05/17,Tarjeta
2500,3470,2,Venta,0,19/05/17,Efectivo
1447,3619,1,Venta,0,19/05/17,Tarjeta
42,2424,1,Venta,0,20/05/17,Tarjeta
1326,630,6,Venta,0,20/05/17,Tarjeta
2097,2248,4,Venta,0,20/05/17,Efectivo
302,3926,4,Venta,0,20/05/17,Efectivo
2249,662,5,Venta,0,20/05/17,Efectivo
2681,3094,1,Venta,0,20/05/17,Efectivo
1307,1965,5,Venta,0,20/05/17,Tarjeta
2707,4478,2,Venta,0,21/05/17,Tarjeta
2872,4085,2,Venta,0,21/05/17,Efectivo
1057,994,6,Venta,0,21/05/17,Efectivo
1027,4264,1,Venta,0,22/05/17,Efectivo
2098,822,1,Venta,0,23/05/17,Tarjeta
2087,832,2,Venta,0,23/05/17,Tarjeta
1460,1828,4,Venta,0,23/05/17,Tarjeta
213,212,3,Venta,0,23/05/17,Efectivo
1827,2963,6,Venta,0,23/05/17,Efectivo
23,2173,1,Venta,0,23/05/17,Tarjeta
1398,38,2,Venta,0,23/05/17,Efectivo
143,4884,2,Venta,0,23/05/17,Efectivo
127,3822,7,Venta,0,23/05/17,Tarjeta
1031,33,4,Venta,0,24/05/17,Efectivo
1406,298,7,Venta,0,24/05/17,Efectivo
531,4842,2,Venta,0,24/05/17,Tarjeta
2917,1699,7,Venta,0,24/05/17,Tarjeta
377,922,6,Venta,0,24/05/17,Efectivo
146,304,7,Venta,0,25/05/17,Efectivo
2123,2098,5,Venta,0,25/05/17,Tarjeta
2678,3657,3,Venta,0,25/05/17,Tarjeta
1635,4722,4,Venta,0,25/05/17,Efectivo
96,365,7,Venta,0,25/05/17,Efectivo
2092,4776,6,Venta,0,25/05/17,Tarjeta
645,1087,4,Venta,0,26/05/17,Tarjeta
398,3620,2,Venta,0,26/05/17,Tarjeta
536,67,3,Venta,0,27/05/17,Tarjeta
2568,3985,2,Venta,0,27/05/17,Efectivo
1098,3310,6,Venta,0,28/05/17,Tarjeta
207,1596,5,Venta,0,28/05/17,Tarjeta
1906,844,4,Venta,0,28/05/17,Tarjeta
1493,3303,1,Venta,0,29/05/17,Tarjeta
1741,1529,7,Venta,0,29/05/17,Tarjeta
1002,4648,4,Venta,0,30/05/17,Efectivo
89,4150,5,Venta,0,30/05/17,Tarjeta
1975,786,3,Venta,0,30/05/17,Tarjeta
2250,2238,7,Venta,0,31/05/17,Tarjeta
431,1757,2,Venta,0,31/05/17,Efectivo
1909,3532,7,Venta,0,31/05/17,Tarjeta
335,1313,3,Venta,0,31/05/17,Tarjeta
2843,606,6,Venta,0,31/05/17,Tarjeta
2241,3062,4,Venta,0,31/05/17,Efectivo
668,3340,3,Venta,0,01/06/17,Efectivo
1831,501,5,Venta,0,01/06/17,Efectivo
2264,1241,2,Venta,0,01/06/17,Efectivo
430,17,5,Venta,0,01/06/17,Tarjeta
247,2619,4,Venta,0,01/06/17,Efectivo
2032,2695,4,Venta,0,01/06/17,Efectivo
901,1282,7,Venta,0,02/06/17,Tarjeta
1836,494,2,Venta,0,02/06/17,Tarjeta
615,4627,5,Venta,0,02/06/17,Efectivo
489,2231,2,Venta,0,02/06/17,Tarjeta
1589,2521,4,Venta,0,02/06/17,Tarjeta
2433,1059,1,Venta,0,02/06/17,Efectivo
903,2722,7,Venta,0,03/06/17,Tarjeta
2374,1417,7,Venta,0,03/06/17,Efectivo
2400,1707,6,Venta,0,03/06/17,Efectivo
2170,3096,7,Venta,0,03/06/17,Efectivo
2289,17,2,Venta,0,03/06/17,Efectivo
1619,3897,4,Venta,0,03/06/17,Efectivo
2254,758,1,Venta,0,04/06/17,Efectivo
2672,1586,4,Venta,0,04/06/17,Efectivo
569,3979,1,Venta,0,04/06/17,Efectivo
1780,2759,4,Venta,0,04/06/17,Efectivo
705,4637,1,Venta,0,04/06/17,Tarjeta
198,3638,4,Venta,0,05/06/17,Efectivo
2442,4332,1,Venta,0,05/06/17,Efectivo
540,1162,5,Venta,0,05/06/17,Efectivo
664,1012,6,Venta,0,05/06/17,Efectivo
959,1903,4,Venta,0,06/06/17,Efectivo
778,3268,3,Venta,0,07/06/17,Tarjeta
295,4722,3,Venta,0,07/06/17,Efectivo
2677,4911,7,Venta,0,07/06/17,Tarjeta
245,456,5,Venta,0,07/06/17,Tarjeta
2215,3248,6,Venta,0,08/06/17,Efectivo
1084,654,5,Venta,0,08/06/17,Efectivo
632,3993,3,Venta,0,08/06/17,Tarjeta
967,89,1,Venta,0,08/06/17,Tarjeta
1563,2241,5,Venta,0,08/06/17,Efectivo
2095,3596,7,Venta,0,09/06/17,Efectivo
2352,1390,2,Venta,0,09/06/17,Efectivo
1256,961,3,Venta,0,09/06/17,Tarjeta
1208,2899,2,Venta,0,09/06/17,Efectivo
2125,3366,3,Venta,0,09/06/17,Efectivo
2358,128,6,Venta,0,10/06/17,Tarjeta
2447,2515,1,Venta,0,10/06/17,Tarjeta
2783,307,2,Venta,0,11/06/17,Efectivo
348,2504,7,Venta,0,12/06/17,Efectivo
284,4009,4,Venta,0,12/06/17,Tarjeta
2982,4359,7,Venta,0,13/06/17,Tarjeta
2818,2690,5,Venta,0,13/06/17,Efectivo
2569,842,6,Venta,0,13/06/17,Efectivo
2450,3020,2,Venta,0,13/06/17,Tarjeta
1728,3921,3,Venta,0,13/06/17,Tarjeta
1081,1525,6,Venta,0,13/06/17,Efectivo
670,355,7,Venta,0,13/06/17,Efectivo
2268,1772,6,Venta,0,14/06/17,Tarjeta
19,4537,1,Venta,0,14/06/17,Tarjeta
958,2011,1,Venta,0,14/06/17,Efectivo
2142,1490,7,Venta,0,14/06/17,Efectivo
1525,283,4,Venta,0,14/06/17,Tarjeta
2339,1219,2,Venta,0,15/06/17,Tarjeta
680,4205,1,Venta,0,15/06/17,Efectivo
55,3734,6,Venta,0,15/06/17,Tarjeta
1951,3399,5,Venta,0,15/06/17,Efectivo
1195,4024,2,Venta,0,16/06/17,Efectivo
2737,1778,4,Venta,0,16/06/17,Efectivo
2923,1180,5,Venta,0,16/06/17,Efectivo
1234,269,4,Venta,0,16/06/17,Tarjeta
2574,2020,6,Venta,0,16/06/17,Tarjeta
2814,2074,7,Venta,0,17/06/17,Efectivo
33,4147,2,Venta,0,17/06/17,Tarjeta
2954,2812,3,Venta,0,17/06/17,Tarjeta
950,3599,3,Venta,0,17/06/17,Tarjeta
2261,2393,1,Venta,0,18/06/17,Tarjeta
202,2504,5,Venta,0,18/06/17,Efectivo
2224,933,4,Venta,0,18/06/17,Tarjeta
435,3178,2,Venta,0,19/06/17,Efectivo
1652,1767,1,Venta,0,19/06/17,Tarjeta
436,4191,3,Venta,0,19/06/17,Tarjeta
2686,2908,7,Venta,0,19/06/17,Efectivo
2712,951,4,Venta,0,20/06/17,Tarjeta
1849,4579,2,Venta,0,20/06/17,Tarjeta
2062,3557,1,Venta,0,20/06/17,Tarjeta
912,677,2,Venta,0,20/06/17,Efectivo
1853,837,4,Venta,0,21/06/17,Tarjeta
1699,4296,3,Venta,0,21/06/17,Tarjeta
2378,3964,3,Venta,0,22/06/17,Tarjeta
2860,1057,6,Venta,0,22/06/17,Efectivo
2255,3603,3,Venta,0,22/06/17,Tarjeta
2258,4357,2,Venta,0,22/06/17,Efectivo
2857,378,4,Venta,0,22/06/17,Efectivo
2676,3966,5,Venta,0,22/06/17,Tarjeta
507,2634,4,Venta,0,22/06/17,Efectivo
2646,653,7,Venta,0,22/06/17,Tarjeta
846,3261,2,Venta,0,22/06/17,Efectivo
1631,2602,7,Venta,0,22/06/17,Tarjeta
1240,3429,1,Venta,0,22/06/17,Efectivo
2000,2517,2,Venta,0,23/06/17,Efectivo
939,3229,6,Venta,0,23/06/17,Efectivo
2897,391,2,Venta,0,23/06/17,Tarjeta
1362,3592,2,Venta,0,23/06/17,Tarjeta
2984,1066,5,Venta,0,24/06/17,Tarjeta
1465,976,1,Venta,0,25/06/17,Efectivo
1960,1744,6,Venta,0,25/06/17,Tarjeta
762,3139,5,Venta,0,25/06/17,Tarjeta
830,3338,1,Venta,0,25/06/17,Tarjeta
827,3682,7,Venta,0,26/06/17,Tarjeta
2534,1557,6,Venta,0,26/06/17,Tarjeta
975,3152,7,Venta,0,26/06/17,Efectivo
303,1433,1,Venta,0,27/06/17,Efectivo
1981,4380,3,Venta,0,27/06/17,Efectivo
1219,730,1,Venta,0,27/06/17,Efectivo
461,3776,3,Venta,0,27/06/17,Tarjeta
120,2628,6,Venta,0,28/06/17,Tarjeta
1720,339,4,Venta,0,28/06/17,Efectivo
1986,4251,4,Venta,0,28/06/17,Efectivo
1737,1981,3,Venta,0,28/06/17,Efectivo
981,3196,1,Venta,0,28/06/17,Tarjeta
1772,4115,7,Venta,0,29/06/17,Efectivo
2690,199,6,Venta,0,29/06/17,Efectivo
873,2860,2,Venta,0,29/06/17,Efectivo
1636,4605,3,Venta,0,29/06/17,Tarjeta
1687,759,5,Venta,0,30/06/17,Efectivo
2555,3429,1,Venta,0,01/07/17,Efectivo
549,2176,6,Venta,0,01/07/17,Efectivo
1585,962,2,Venta,0,01/07/17,Tarjeta
349,4594,2,Venta,0,02/07/17,Tarjeta
1962,4698,7,Venta,0,02/07/17,Tarjeta
1428,3914,2,Venta,0,02/07/17,Tarjeta
2985,1178,3,Venta,0,02/07/17,Efectivo
2257,900,7,Venta,0,03/07/17,Tarjeta
2792,2432,3,Venta,0,04/07/17,Efectivo
2870,395,1,Venta,0,05/07/17,Tarjeta
1430,715,4,Venta,0,05/07/17,Efectivo
1693,2732,7,Venta,0,05/07/17,Tarjeta
1536,4229,3,Venta,0,05/07/17,Efectivo
1473,1938,4,Venta,0,05/07/17,Tarjeta
842,2157,1,Venta,0,05/07/17,Tarjeta
1205,4195,1,Venta,0,05/07/17,Efectivo
68,346,6,Venta,0,06/07/17,Tarjeta
1877,472,3,Venta,0,08/07/17,Tarjeta
276,3327,2,Venta,0,09/07/17,Efectivo
1528,2707,1,Venta,0,09/07/17,Tarjeta
2312,3993,7,Venta,0,10/07/17,Efectivo
791,2872,1,Venta,0,10/07/17,Tarjeta
1985,900,1,Venta,0,10/07/17,Efectivo
2446,1522,7,Venta,0,11/07/17,Efectivo
147,3468,2,Venta,0,11/07/17,Efectivo
392,2200,1,Venta,0,11/07/17,Tarjeta
1931,3850,6,Venta,0,11/07/17,Tarjeta
794,453,7,Venta,0,11/07/17,Tarjeta
1893,1444,6,Venta,0,12/07/17,Efectivo
663,4148,6,Venta,0,13/07/17,Efectivo
808,4284,6,Venta,0,13/07/17,Efectivo
494,1578,5,Venta,0,13/07/17,Efectivo
1838,3391,3,Venta,0,14/07/17,Efectivo
421,1558,5,Venta,0,14/07/17,Tarjeta
1104,1636,3,Venta,0,14/07/17,Tarjeta
386,3690,5,Venta,0,15/07/17,Tarjeta
553,707,7,Venta,0,15/07/17,Efectivo
717,2344,3,Venta,0,15/07/17,Tarjeta
2422,3032,7,Venta,0,15/07/17,Tarjeta
2379,340,1,Venta,0,15/07/17,Tarjeta
2517,3834,4,Venta,0,15/07/17,Efectivo
462,2795,4,Venta,0,15/07/17,Tarjeta
20,4606,4,Venta,0,15/07/17,Efectivo
636,110,1,Venta,0,15/07/17,Tarjeta
123,4505,5,Venta,0,15/07/17,Tarjeta
2202,2616,5,Venta,0,15/07/17,Tarjeta
2491,4170,7,Venta,0,16/07/17,Tarjeta
1730,1872,6,Venta,0,16/07/17,Tarjeta
2220,4395,6,Venta,0,16/07/17,Tarjeta
2082,3236,3,Venta,0,16/07/17,Efectivo
745,748,6,Venta,0,16/07/17,Efectivo
995,2159,4,Venta,0,16/07/17,Efectivo
1761,4044,2,Venta,0,16/07/17,Efectivo
562,3698,1,Venta,0,17/07/17,Efectivo
1808,2793,6,Venta,0,17/07/17,Tarjeta
2298,3888,7,Venta,0,17/07/17,Tarjeta
1865,3550,1,Venta,0,17/07/17,Tarjeta
496,298,2,Venta,0,17/07/17,Tarjeta
667,3951,2,Venta,0,18/07/17,Tarjeta
1313,1631,1,Venta,0,18/07/17,Efectivo
1904,4293,4,Venta,0,18/07/17,Tarjeta
2199,1162,6,Venta,0,19/07/17,Efectivo
1190,4342,2,Venta,0,19/07/17,Efectivo
325,4304,6,Venta,0,19/07/17,Tarjeta
519,1861,5,Venta,0,19/07/17,Tarjeta
2956,2046,1,Venta,0,19/07/17,Efectivo
1754,4646,5,Venta,0,20/07/17,Efectivo
1711,3726,5,Venta,0,20/07/17,Efectivo
2782,3284,1,Venta,0,20/07/17,Efectivo
895,921,1,Venta,0,20/07/17,Tarjeta
795,3841,5,Venta,0,20/07/17,Efectivo
330,2354,2,Venta,0,20/07/17,Efectivo
2093,1601,3,Venta,0,20/07/17,Efectivo
1431,2987,1,Venta,0,21/07/17,Efectivo
2036,2673,2,Venta,0,21/07/17,Efectivo
1132,4333,7,Venta,0,21/07/17,Tarjeta
1070,2609,4,Venta,0,21/07/17,Tarjeta
7,663,1,Venta,0,21/07/17,Efectivo
625,4290,4,Venta,0,21/07/17,Efectivo
1221,2148,1,Venta,0,22/07/17,Efectivo
1984,1602,7,Venta,0,22/07/17,Tarjeta
1386,1199,6,Venta,0,22/07/17,Tarjeta
2581,4186,4,Venta,0,23/07/17,Efectivo
14,2006,7,Venta,0,23/07/17,Tarjeta
286,2653,5,Venta,0,23/07/17,Efectivo
1052,1816,5,Venta,0,23/07/17,Tarjeta
142,4719,2,Venta,0,23/07/17,Efectivo
2283,3228,4,Venta,0,24/07/17,Efectivo
2705,2125,6,Venta,0,24/07/17,Efectivo
2058,1462,3,Venta,0,25/07/17,Efectivo
2694,3246,4,Venta,0,25/07/17,Tarjeta
28,3836,4,Venta,0,26/07/17,Efectivo
374,2019,4,Venta,0,26/07/17,Efectivo
629,1609,5,Venta,0,26/07/17,Efectivo
602,720,6,Venta,0,26/07/17,Tarjeta
2263,2167,7,Venta,0,26/07/17,Tarjeta
2064,1293,6,Venta,0,26/07/17,Tarjeta
1148,827,1,Venta,0,27/07/17,Tarjeta
1359,2981,6,Venta,0,27/07/17,Tarjeta
1684,1799,2,Venta,0,27/07/17,Efectivo
307,992,1,Venta,0,27/07/17,Efectivo
923,629,6,Venta,0,27/07/17,Efectivo
2484,1565,3,Venta,0,29/07/17,Tarjeta
1149,1442,5,Venta,0,29/07/17,Efectivo
2601,4083,3,Venta,0,29/07/17,Tarjeta
246,3419,4,Venta,0,29/07/17,Efectivo
2609,4515,5,Venta,0,29/07/17,Efectivo
183,4226,6,Venta,0,30/07/17,Tarjeta
2549,1934,5,Venta,0,30/07/17,Efectivo
2987,1152,3,Venta,0,31/07/17,Efectivo
1048,609,7,Venta,0,31/07/17,Efectivo
1154,3882,2,Venta,0,31/07/17,Efectivo
604,436,2,Venta,0,31/07/17,Tarjeta
1001,4717,6,Venta,0,31/07/17,Efectivo
1911,482,6,Venta,0,31/07/17,Efectivo
1629,4619,4,Venta,0,01/08/17,Tarjeta
1323,522,7,Venta,0,01/08/17,Efectivo
800,1141,6,Venta,0,01/08/17,Tarjeta
1091,1961,6,Venta,0,02/08/17,Efectivo
456,3084,6,Venta,0,02/08/17,Tarjeta
1026,1888,6,Venta,0,03/08/17,Tarjeta
1535,1743,3,Venta,0,03/08/17,Efectivo
725,2467,4,Venta,0,03/08/17,Tarjeta
169,4682,7,Venta,0,03/08/17,Efectivo
132,1739,4,Venta,0,04/08/17,Tarjeta
1340,2134,4,Venta,0,04/08/17,Efectivo
2515,1138,1,Venta,0,04/08/17,Efectivo
2949,1418,3,Venta,0,04/08/17,Tarjeta
1088,3874,1,Venta,0,04/08/17,Efectivo
2640,3005,6,Venta,0,04/08/17,Tarjeta
973,3463,7,Venta,0,04/08/17,Efectivo
86,2034,3,Venta,0,04/08/17,Efectivo
2850,1167,1,Venta,0,04/08/17,Efectivo
2248,2069,4,Venta,0,05/08/17,Efectivo
220,1413,3,Venta,0,05/08/17,Efectivo
1407,1193,6,Venta,0,05/08/17,Efectivo
1854,4241,7,Venta,0,05/08/17,Efectivo
514,1627,2,Venta,0,06/08/17,Efectivo
815,3983,1,Venta,0,06/08/17,Tarjeta
2114,3456,6,Venta,0,06/08/17,Efectivo
2603,4627,3,Venta,0,06/08/17,Efectivo
1367,4754,2,Venta,0,06/08/17,Tarjeta
1182,301,5,Venta,0,06/08/17,Efectivo
1875,4690,5,Venta,0,06/08/17,Efectivo
1480,3517,2,Venta,0,07/08/17,Tarjeta
1791,416,4,Venta,0,07/08/17,Efectivo
2852,4370,2,Venta,0,07/08/17,Tarjeta
2756,2212,2,Venta,0,07/08/17,Tarjeta
1030,4656,1,Venta,0,07/08/17,Efectivo
969,3347,1,Venta,0,07/08/17,Tarjeta
551,4848,1,Venta,0,07/08/17,Tarjeta
423,3968,6,Venta,0,08/08/17,Efectivo
915,2326,3,Venta,0,08/08/17,Efectivo
2051,1926,6,Venta,0,08/08/17,Tarjeta
1670,1600,1,Venta,0,08/08/17,Tarjeta
2080,4298,1,Venta,0,08/08/17,Tarjeta
2388,3458,3,Venta,0,08/08/17,Efectivo
1668,3294,4,Venta,0,08/08/17,Efectivo
1678,701,5,Venta,0,09/08/17,Tarjeta
1771,1162,7,Venta,0,10/08/17,Efectivo
1045,4500,1,Venta,0,10/08/17,Efectivo
944,1102,4,Venta,0,10/08/17,Efectivo
2724,1445,2,Venta,0,10/08/17,Efectivo
1724,4721,2,Venta,0,11/08/17,Efectivo
2286,1859,7,Venta,0,12/08/17,Tarjeta
2354,4246,1,Venta,0,12/08/17,Tarjeta
567,4492,3,Venta,0,12/08/17,Tarjeta
1575,1121,6,Venta,0,13/08/17,Tarjeta
2937,2289,6,Venta,0,13/08/17,Efectivo
402,3604,7,Venta,0,13/08/17,Efectivo
1128,2257,1,Venta,0,13/08/17,Tarjeta
1663,2047,3,Venta,0,14/08/17,Efectivo
517,1598,4,Venta,0,14/08/17,Tarjeta
129,641,4,Venta,0,14/08/17,Tarjeta
890,1029,7,Venta,0,14/08/17,Efectivo
917,2684,2,Venta,0,14/08/17,Efectivo
737,3953,3,Venta,0,14/08/17,Efectivo
2715,439,6,Venta,0,15/08/17,Tarjeta
986,174,2,Venta,0,15/08/17,Efectivo
1014,470,4,Venta,0,15/08/17,Efectivo
719,2342,1,Venta,0,15/08/17,Tarjeta
669,704,7,Venta,0,15/08/17,Tarjeta
2280,466,3,Venta,0,15/08/17,Tarjeta
2413,3576,1,Venta,0,16/08/17,Efectivo
538,1110,5,Venta,0,16/08/17,Tarjeta
2688,4353,4,Venta,0,16/08/17,Efectivo
2311,3617,3,Venta,0,16/08/17,Tarjeta
628,1907,7,Venta,0,16/08/17,Tarjeta
1725,473,2,Venta,0,18/08/17,Efectivo
580,4804,2,Venta,0,18/08/17,Tarjeta
103,3667,4,Venta,0,18/08/17,Efectivo
2754,1609,4,Venta,0,18/08/17,Efectivo
884,2941,6,Venta,0,19/08/17,Tarjeta
2462,4940,6,Venta,0,19/08/17,Tarjeta
1600,1334,4,Venta,0,19/08/17,Efectivo
466,1972,5,Venta,0,19/08/17,Tarjeta
593,3080,3,Venta,0,20/08/17,Efectivo
2251,1715,2,Venta,0,20/08/17,Efectivo
2781,2795,1,Venta,0,20/08/17,Tarjeta
30,3530,7,Venta,0,20/08/17,Tarjeta
1393,3819,5,Venta,0,20/08/17,Tarjeta
841,3414,6,Venta,0,21/08/17,Efectivo
2242,1341,6,Venta,0,21/08/17,Tarjeta
1677,2654,7,Venta,0,21/08/17,Tarjeta
457,3068,5,Venta,0,21/08/17,Tarjeta
1166,1351,5,Venta,0,22/08/17,Tarjeta
382,3781,5,Venta,0,22/08/17,Efectivo
2755,2409,7,Venta,0,22/08/17,Efectivo
2040,2503,4,Venta,0,22/08/17,Tarjeta
351,4671,4,Venta,0,22/08/17,Tarjeta
1752,599,7,Venta,0,23/08/17,Tarjeta
2812,3676,5,Venta,0,23/08/17,Tarjeta
2787,4627,2,Venta,0,23/08/17,Tarjeta
1089,4771,5,Venta,0,23/08/17,Efectivo
1403,3084,2,Venta,0,23/08/17,Tarjeta
484,2519,5,Venta,0,23/08/17,Efectivo
2386,3693,1,Venta,0,23/08/17,Efectivo
2181,281,6,Venta,0,24/08/17,Efectivo
130,4596,7,Venta,0,24/08/17,Tarjeta
993,2765,4,Venta,0,24/08/17,Tarjeta
2663,202,5,Venta,0,25/08/17,Efectivo
1144,4359,5,Venta,0,25/08/17,Efectivo
2936,1175,3,Venta,0,25/08/17,Efectivo
2319,741,6,Venta,0,25/08/17,Efectivo
2619,3740,6,Venta,0,25/08/17,Tarjeta
2351,514,2,Venta,0,26/08/17,Efectivo
2470,3190,3,Venta,0,26/08/17,Tarjeta
2675,4255,1,Venta,0,27/08/17,Efectivo
2800,3019,2,Venta,0,27/08/17,Tarjeta
2835,1128,3,Venta,0,27/08/17,Efectivo
1288,1715,4,Venta,0,27/08/17,Tarjeta
1363,2649,4,Venta,0,27/08/17,Efectivo
1315,503,3,Venta,0,27/08/17,Tarjeta
1603,2699,6,Venta,0,28/08/17,Tarjeta
287,312,5,Venta,0,28/08/17,Tarjeta
952,336,7,Venta,0,28/08/17,Tarjeta
1327,1747,4,Venta,0,28/08/17,Tarjeta
79,4558,2,Venta,0,28/08/17,Tarjeta
1035,1600,7,Venta,0,28/08/17,Efectivo
2372,3442,5,Venta,0,28/08/17,Efectivo
1197,3991,6,Venta,0,28/08/17,Tarjeta
2228,3047,1,Venta,0,28/08/17,Tarjeta
1286,572,5,Venta,0,29/08/17,Tarjeta
2838,281,6,Venta,0,29/08/17,Efectivo
1120,183,5,Venta,0,29/08/17,Efectivo
1366,2056,5,Venta,0,29/08/17,Efectivo
138,2067,3,Venta,0,29/08/17,Tarjeta
987,661,3,Venta,0,29/08/17,Tarjeta
2219,560,6,Venta,0,30/08/17,Efectivo
729,1739,5,Venta,0,30/08/17,Efectivo
977,3926,5,Venta,0,30/08/17,Tarjeta
2408,1342,7,Venta,0,31/08/17,Tarjeta
1004,977,1,Venta,0,31/08/17,Efectivo
1880,4134,5,Venta,0,31/08/17,Tarjeta
2925,2857,5,Venta,0,01/09/17,Tarjeta
851,3764,3,Venta,0,01/09/17,Tarjeta
411,785,7,Venta,0,01/09/17,Efectivo
2235,2110,6,Venta,0,01/09/17,Efectivo
2883,1452,4,Venta,0,01/09/17,Tarjeta
1,3604,2,Venta,0,01/09/17,Efectivo
495,1069,6,Venta,0,01/09/17,Tarjeta
2037,3908,5,Venta,0,01/09/17,Tarjeta
1858,658,4,Venta,0,02/09/17,Efectivo
1573,4434,3,Venta,0,03/09/17,Tarjeta
2864,295,2,Venta,0,03/09/17,Tarjeta
1775,2459,6,Venta,0,04/09/17,Tarjeta
2776,597,5,Venta,0,04/09/17,Efectivo
867,946,6,Venta,0,04/09/17,Tarjeta
2410,272,7,Venta,0,05/09/17,Tarjeta
1833,1569,2,Venta,0,05/09/17,Tarjeta
155,1785,3,Venta,0,05/09/17,Efectivo
1344,2212,6,Venta,0,05/09/17,Tarjeta
1179,1814,2,Venta,0,05/09/17,Tarjeta
294,3852,4,Venta,0,06/09/17,Efectivo
2407,4308,5,Venta,0,06/09/17,Tarjeta
1955,3348,1,Venta,0,06/09/17,Tarjeta
1009,1439,5,Venta,0,06/09/17,Efectivo
2805,1021,4,Venta,0,06/09/17,Tarjeta
1414,3498,5,Venta,0,07/09/17,Tarjeta
824,431,7,Venta,0,07/09/17,Tarjeta
1531,116,5,Venta,0,07/09/17,Efectivo
1515,2703,2,Venta,0,07/09/17,Efectivo
2876,4446,3,Venta,0,08/09/17,Tarjeta
2895,627,6,Venta,0,08/09/17,Tarjeta
1618,2280,3,Venta,0,08/09/17,Efectivo
343,2852,5,Venta,0,08/09/17,Tarjeta
2345,2376,7,Venta,0,08/09/17,Efectivo
1735,555,3,Venta,0,08/09/17,Tarjeta
1397,378,3,Venta,0,09/09/17,Tarjeta
852,1543,4,Venta,0,09/09/17,Efectivo
1839,3696,3,Venta,0,09/09/17,Efectivo
946,1109,7,Venta,0,10/09/17,Tarjeta
2668,4933,1,Venta,0,10/09/17,Tarjeta
1506,284,7,Venta,0,11/09/17,Tarjeta
2886,3873,1,Venta,0,11/09/17,Efectivo
451,4854,2,Venta,0,11/09/17,Tarjeta
634,383,3,Venta,0,12/09/17,Tarjeta
2021,1964,6,Venta,0,12/09/17,Efectivo
2274,890,4,Venta,0,13/09/17,Tarjeta
1092,2903,6,Venta,0,13/09/17,Tarjeta
1129,3794,5,Venta,0,13/09/17,Efectivo
2313,2995,5,Venta,0,13/09/17,Efectivo
2141,816,5,Venta,0,14/09/17,Efectivo
2001,1411,1,Venta,0,14/09/17,Tarjeta
2820,4539,1,Venta,0,14/09/17,Efectivo
2083,4068,5,Venta,0,14/09/17,Efectivo
2974,4317,6,Venta,0,15/09/17,Efectivo
658,2335,6,Venta,0,15/09/17,Tarjeta
1471,2298,6,Venta,0,15/09/17,Efectivo
1601,4386,1,Venta,0,15/09/17,Tarjeta
2132,1979,2,Venta,0,15/09/17,Tarjeta
291,2485,7,Venta,0,16/09/17,Efectivo
597,1390,4,Venta,0,16/09/17,Efectivo
1657,859,6,Venta,0,16/09/17,Tarjeta
166,1662,1,Venta,0,17/09/17,Efectivo
2406,738,7,Venta,0,17/09/17,Efectivo
1518,4815,4,Venta,0,17/09/17,Tarjeta
2560,3922,4,Venta,0,18/09/17,Efectivo
2403,3230,1,Venta,0,18/09/17,Tarjeta
2217,4515,4,Venta,0,18/09/17,Efectivo
870,3700,2,Venta,0,18/09/17,Tarjeta
215,3343,1,Venta,0,18/09/17,Tarjeta
728,4910,1,Venta,0,19/09/17,Tarjeta
2926,1051,3,Venta,0,19/09/17,Tarjeta
1168,4473,2,Venta,0,19/09/17,Efectivo
542,893,2,Venta,0,19/09/17,Efectivo
938,3343,6,Venta,0,20/09/17,Efectivo
1075,308,2,Venta,0,20/09/17,Tarjeta
626,3582,5,Venta,0,20/09/17,Tarjeta
1746,98,2,Venta,0,20/09/17,Tarjeta
233,4806,6,Venta,0,21/09/17,Tarjeta
2995,353,3,Venta,0,21/09/17,Efectivo
477,2358,3,Venta,0,21/09/17,Tarjeta
2701,1690,1,Venta,0,21/09/17,Efectivo
1974,2649,7,Venta,0,21/09/17,Efectivo
1743,1202,6,Venta,0,22/09/17,Efectivo
980,3477,7,Venta,0,22/09/17,Efectivo
2779,1515,3,Venta,0,22/09/17,Efectivo
1961,4363,7,Venta,0,23/09/17,Efectivo
2908,3687,6,Venta,0,23/09/17,Tarjeta
2134,3885,3,Venta,0,23/09/17,Efectivo
2004,2290,2,Venta,0,24/09/17,Tarjeta
474,306,6,Venta,0,24/09/17,Efectivo
1842,3656,2,Venta,0,24/09/17,Efectivo
2057,1839,4,Venta,0,24/09/17,Efectivo
501,3173,2,Venta,0,25/09/17,Efectivo
2003,150,2,Venta,0,25/09/17,Efectivo
1871,4477,5,Venta,0,25/09/17,Efectivo
293,1388,3,Venta,0,25/09/17,Tarjeta
199,4951,4,Venta,0,25/09/17,Efectivo
2772,4505,6,Venta,0,26/09/17,Tarjeta
1758,289,4,Venta,0,26/09/17,Tarjeta
2991,1691,5,Venta,0,26/09/17,Efectivo
500,2991,4,Venta,0,27/09/17,Tarjeta
2924,1442,4,Venta,0,27/09/17,Tarjeta
881,4746,6,Venta,0,27/09/17,Efectivo
2334,2085,6,Venta,0,27/09/17,Efectivo
254,2736,7,Venta,0,28/09/17,Tarjeta
1492,300,3,Venta,0,28/09/17,Tarjeta
2306,1345,7,Venta,0,28/09/17,Tarjeta
1090,3925,3,Venta,0,29/09/17,Efectivo
539,2396,2,Venta,0,29/09/17,Efectivo
1882,2990,4,Venta,0,29/09/17,Tarjeta
239,370,3,Venta,0,29/09/17,Tarjeta
1891,322,6,Venta,0,29/09/17,Efectivo
682,3033,3,Venta,0,29/09/17,Tarjeta
966,1380,5,Venta,0,30/09/17,Efectivo
1016,4123,7,Venta,0,30/09/17,Tarjeta
1099,1759,5,Venta,0,01/10/17,Tarjeta
2324,1917,5,Venta,0,02/10/17,Efectivo
2195,2910,7,Venta,0,02/10/17,Tarjeta
787,1775,5,Venta,0,02/10/17,Tarjeta
1049,4266,7,Venta,0,02/10/17,Tarjeta
1254,4845,6,Venta,0,02/10/17,Efectivo
2760,1770,2,Venta,0,02/10/17,Efectivo
2362,3991,3,Venta,0,02/10/17,Tarjeta
537,500,7,Venta,0,02/10/17,Efectivo
1801,3863,1,Venta,0,03/10/17,Tarjeta
440,4787,3,Venta,0,03/10/17,Efectivo
1692,3267,6,Venta,0,03/10/17,Tarjeta
2172,2333,3,Venta,0,03/10/17,Efectivo
2742,37,6,Venta,0,03/10/17,Tarjeta
2761,3804,4,Venta,0,04/10/17,Tarjeta
359,1277,1,Venta,0,04/10/17,Tarjeta
2577,3103,4,Venta,0,05/10/17,Tarjeta
2310,360,1,Venta,0,05/10/17,Tarjeta
1043,2198,2,Venta,0,05/10/17,Tarjeta
793,712,5,Venta,0,06/10/17,Efectivo
2229,188,7,Venta,0,06/10/17,Tarjeta
10,3810,7,Venta,0,06/10/17,Efectivo
1421,4170,7,Venta,0,07/10/17,Efectivo
2552,4269,6,Venta,0,07/10/17,Efectivo
1127,3560,4,Venta,0,07/10/17,Efectivo
1246,1834,2,Venta,0,07/10/17,Efectivo
2246,3658,2,Venta,0,08/10/17,Tarjeta
1595,3674,3,Venta,0,08/10/17,Efectivo
2392,93,5,Venta,0,08/10/17,Efectivo
391,993,5,Venta,0,09/10/17,Efectivo
1994,4705,1,Venta,0,09/10/17,Tarjeta
1413,530,7,Venta,0,09/10/17,Efectivo
270,1146,1,Venta,0,09/10/17,Efectivo
894,4875,3,Venta,0,09/10/17,Tarjeta
2750,3503,4,Venta,0,09/10/17,Tarjeta
339,1863,4,Venta,0,09/10/17,Efectivo
376,2911,6,Venta,0,10/10/17,Tarjeta
1526,4958,2,Venta,0,10/10/17,Efectivo
1456,4462,3,Venta,0,11/10/17,Tarjeta
2126,2826,5,Venta,0,11/10/17,Efectivo
953,313,6,Venta,0,11/10/17,Tarjeta
92,2253,5,Venta,0,11/10/17,Efectivo
2505,1814,6,Venta,0,12/10/17,Tarjeta
2696,4916,4,Venta,0,12/10/17,Tarjeta
2964,444,1,Venta,0,12/10/17,Tarjeta
1625,153,4,Venta,0,13/10/17,Tarjeta
2518,3252,6,Venta,0,13/10/17,Efectivo
2637,1140,6,Venta,0,13/10/17,Tarjeta
1039,2320,1,Venta,0,13/10/17,Efectivo
2521,4588,7,Venta,0,13/10/17,Efectivo
2725,4395,1,Venta,0,14/10/17,Tarjeta
2464,3479,1,Venta,0,14/10/17,Efectivo
1261,3519,2,Venta,0,14/10/17,Efectivo
1718,4126,1,Venta,0,14/10/17,Tarjeta
738,625,2,Venta,0,14/10/17,Efectivo
504,1123,6,Venta,0,14/10/17,Tarjeta
1236,3757,3,Venta,0,14/10/17,Efectivo
2395,4399,2,Venta,0,14/10/17,Tarjeta
1972,3307,2,Venta,0,15/10/17,Efectivo
1069,4558,5,Venta,0,15/10/17,Efectivo
599,4227,5,Venta,0,15/10/17,Tarjeta
2451,1658,3,Venta,0,15/10/17,Tarjeta
2488,36,3,Venta,0,15/10/17,Tarjeta
891,4399,2,Venta,0,15/10/17,Tarjeta
1807,4068,5,Venta,0,15/10/17,Tarjeta
1624,4640,1,Venta,0,16/10/17,Efectivo
942,4329,6,Venta,0,16/10/17,Efectivo
2344,3656,3,Venta,0,16/10/17,Efectivo
473,3328,2,Venta,0,16/10/17,Efectivo
2832,4709,3,Venta,0,16/10/17,Tarjeta
2301,288,5,Venta,0,17/10/17,Tarjeta
2669,1330,6,Venta,0,17/10/17,Tarjeta
1843,4387,4,Venta,0,18/10/17,Efectivo
1238,1877,7,Venta,0,18/10/17,Tarjeta
606,3659,1,Venta,0,18/10/17,Efectivo
2163,425,4,Venta,0,19/10/17,Efectivo
149,1659,1,Venta,0,19/10/17,Tarjeta
2545,1071,2,Venta,0,19/10/17,Efectivo
1096,4082,1,Venta,0,19/10/17,Tarjeta
2664,4978,1,Venta,0,20/10/17,Efectivo
2962,1679,7,Venta,0,20/10/17,Efectivo
135,681,1,Venta,0,20/10/17,Tarjeta
744,3343,5,Venta,0,20/10/17,Efectivo
2116,3297,2,Venta,0,20/10/17,Tarjeta
2625,3358,6,Venta,0,21/10/17,Efectivo
825,669,6,Venta,0,21/10/17,Efectivo
3,4070,5,Venta,0,21/10/17,Efectivo
383,4322,1,Venta,0,21/10/17,Efectivo
1847,3001,4,Venta,0,21/10/17,Tarjeta
1804,2808,7,Venta,0,21/10/17,Tarjeta
1486,3986,5,Venta,0,21/10/17,Efectivo
2834,340,2,Venta,0,22/10/17,Tarjeta
926,4123,7,Venta,0,22/10/17,Tarjeta
2292,4864,6,Venta,0,22/10/17,Efectivo
797,3300,1,Venta,0,22/10/17,Tarjeta
1897,1936,1,Venta,0,22/10/17,Efectivo
43,4422,7,Venta,0,22/10/17,Efectivo
904,3542,4,Venta,0,22/10/17,Tarjeta
2012,4093,2,Venta,0,22/10/17,Efectivo
1457,4892,5,Venta,0,22/10/17,Efectivo
961,411,6,Venta,0,22/10/17,Tarjeta
2594,2887,7,Venta,0,23/10/17,Tarjeta
192,4803,1,Venta,0,24/10/17,Efectivo
1371,1335,3,Venta,0,24/10/17,Efectivo
134,4965,6,Venta,0,24/10/17,Efectivo
2983,4802,1,Venta,0,24/10/17,Tarjeta
1580,1825,3,Venta,0,25/10/17,Efectivo
1331,2028,4,Venta,0,25/10/17,Efectivo
906,857,6,Venta,0,26/10/17,Efectivo
1874,2869,2,Venta,0,26/10/17,Tarjeta
1402,4248,3,Venta,0,27/10/17,Efectivo
1565,343,2,Venta,0,27/10/17,Tarjeta
1297,4508,1,Venta,0,27/10/17,Tarjeta
564,2555,6,Venta,0,28/10/17,Efectivo
2854,4386,4,Venta,0,28/10/17,Tarjeta
2187,3324,2,Venta,0,28/10/17,Tarjeta
116,4497,2,Venta,0,28/10/17,Tarjeta
1509,2727,4,Venta,0,29/10/17,Efectivo
2780,2217,4,Venta,0,29/10/17,Efectivo
2409,3072,7,Venta,0,30/10/17,Tarjeta
855,3782,5,Venta,0,30/10/17,Efectivo
1789,2193,7,Venta,0,30/10/17,Tarjeta
2307,751,1,Venta,0,30/10/17,Efectivo
2641,2202,7,Venta,0,30/10/17,Tarjeta
1698,317,1,Venta,0,30/10/17,Tarjeta
1066,571,3,Venta,0,30/10/17,Efectivo
2478,565,6,Venta,0,31/10/17,Tarjeta
2411,3835,6,Venta,0,31/10/17,Tarjeta
393,2218,3,Venta,0,31/10/17,Tarjeta
1258,2256,3,Venta,0,01/11/17,Efectivo
860,3150,4,Venta,0,01/11/17,Efectivo
2862,134,7,Venta,0,01/11/17,Efectivo
2587,754,3,Venta,0,01/11/17,Efectivo
679,3680,2,Venta,0,01/11/17,Tarjeta
1558,4378,6,Venta,0,01/11/17,Efectivo
2198,2964,7,Venta,0,02/11/17,Tarjeta
273,3523,6,Venta,0,03/11/17,Tarjeta
1830,1451,1,Venta,0,03/11/17,Efectivo
481,3208,4,Venta,0,03/11/17,Tarjeta
1978,2568,3,Venta,0,03/11/17,Tarjeta
312,3039,7,Venta,0,03/11/17,Efectivo
2592,3308,6,Venta,0,03/11/17,Tarjeta
1187,4769,7,Venta,0,03/11/17,Tarjeta
2046,1439,3,Venta,0,04/11/17,Efectivo
1021,4562,5,Venta,0,04/11/17,Efectivo
592,4187,3,Venta,0,04/11/17,Efectivo
1158,4363,4,Venta,0,04/11/17,Efectivo
2492,2545,3,Venta,0,04/11/17,Efectivo
1459,4387,1,Venta,0,04/11/17,Tarjeta
471,910,5,Venta,0,04/11/17,Efectivo
2458,1734,7,Venta,0,04/11/17,Tarjeta
2305,1579,2,Venta,0,04/11/17,Tarjeta
1614,3151,4,Venta,0,05/11/17,Efectivo
2553,1486,4,Venta,0,05/11/17,Tarjeta
1140,434,1,Venta,0,05/11/17,Tarjeta
982,604,4,Venta,0,05/11/17,Tarjeta
2719,2563,3,Venta,0,05/11/17,Tarjeta
1435,2877,1,Venta,0,06/11/17,Tarjeta
2063,2966,2,Venta,0,06/11/17,Tarjeta
1404,2121,2,Venta,0,07/11/17,Efectivo
76,4701,7,Venta,0,07/11/17,Tarjeta
863,860,5,Venta,0,07/11/17,Efectivo
1834,2926,1,Venta,0,07/11/17,Tarjeta
627,2113,2,Venta,0,07/11/17,Efectivo
646,1351,4,Venta,0,07/11/17,Tarjeta
1280,1417,6,Venta,0,08/11/17,Efectivo
227,3335,5,Venta,0,08/11/17,Tarjeta
168,145,6,Venta,0,08/11/17,Efectivo
336,2582,4,Venta,0,08/11/17,Tarjeta
2426,3911,2,Venta,0,08/11/17,Efectivo
2322,2743,3,Venta,0,08/11/17,Tarjeta
469,2471,4,Venta,0,08/11/17,Tarjeta
2867,2437,6,Venta,0,08/11/17,Efectivo
1381,3727,1,Venta,0,08/11/17,Efectivo
2128,2306,1,Venta,0,09/11/17,Tarjeta
2598,2472,2,Venta,0,09/11/17,Efectivo
2499,1869,1,Venta,0,09/11/17,Tarjeta
1608,1272,5,Venta,0,09/11/17,Tarjeta
2158,463,3,Venta,0,09/11/17,Tarjeta
2700,830,4,Venta,0,09/11/17,Tarjeta
2721,3186,4,Venta,0,10/11/17,Tarjeta
2472,1086,6,Venta,0,10/11/17,Efectivo
840,1648,3,Venta,0,10/11/17,Tarjeta
35,4756,4,Venta,0,10/11/17,Efectivo
289,4647,5,Venta,0,10/11/17,Tarjeta
2579,2220,3,Venta,0,11/11/17,Efectivo
2390,4565,4,Venta,0,11/11/17,Tarjeta
601,1099,2,Venta,0,12/11/17,Efectivo
1825,1094,4,Venta,0,13/11/17,Tarjeta
1649,4360,3,Venta,0,13/11/17,Efectivo
2839,3885,6,Venta,0,13/11/17,Efectivo
1755,789,4,Venta,0,14/11/17,Tarjeta
1143,1293,3,Venta,0,14/11/17,Tarjeta
66,1081,3,Venta,0,15/11/17,Efectivo
467,1831,2,Venta,0,15/11/17,Efectivo
2291,829,2,Venta,0,16/11/17,Tarjeta
1816,1432,6,Venta,0,17/11/17,Tarjeta
1110,1479,3,Venta,0,17/11/17,Tarjeta
2600,4889,3,Venta,0,18/11/17,Efectivo
2988,3298,6,Venta,0,19/11/17,Efectivo
1583,491,3,Venta,0,19/11/17,Tarjeta
1681,273,6,Venta,0,19/11/17,Efectivo
1501,1822,1,Venta,0,20/11/17,Efectivo
2894,1888,6,Venta,0,20/11/17,Efectivo
1641,949,2,Venta,0,20/11/17,Efectivo
613,1604,6,Venta,0,20/11/17,Efectivo
685,800,4,Venta,0,21/11/17,Efectivo
1252,1765,7,Venta,0,21/11/17,Efectivo
2048,4860,7,Venta,0,21/11/17,Tarjeta
433,4427,7,Venta,0,21/11/17,Tarjeta
699,2717,2,Venta,0,22/11/17,Efectivo
801,3946,5,Venta,0,22/11/17,Efectivo
1569,4670,4,Venta,0,22/11/17,Tarjeta
2175,1580,5,Venta,0,22/11/17,Tarjeta
1449,3741,6,Venta,0,22/11/17,Efectivo
688,3063,5,Venta,0,22/11/17,Tarjeta
1967,1521,4,Venta,0,22/11/17,Tarjeta
2010,2592,7,Venta,0,22/11/17,Tarjeta
36,869,1,Venta,0,22/11/17,Efectivo
2465,2063,1,Venta,0,23/11/17,Tarjeta
1161,1707,5,Venta,0,23/11/17,Tarjeta
1424,3153,6,Venta,0,24/11/17,Efectivo
1654,299,3,Venta,0,24/11/17,Efectivo
2047,147,4,Venta,0,25/11/17,Efectivo
216,4753,3,Venta,0,25/11/17,Tarjeta
844,1723,6,Venta,0,25/11/17,Tarjeta
2807,3138,7,Venta,0,25/11/17,Efectivo
716,4700,2,Venta,0,25/11/17,Tarjeta
58,98,1,Venta,0,25/11/17,Efectivo
1498,340,4,Venta,0,25/11/17,Tarjeta
250,1112,7,Venta,0,25/11/17,Tarjeta
1244,3954,6,Venta,0,26/11/17,Efectivo
93,4592,1,Venta,0,26/11/17,Tarjeta
1846,64,4,Venta,0,26/11/17,Tarjeta
175,636,6,Venta,0,26/11/17,Tarjeta
1082,2571,3,Venta,0,27/11/17,Efectivo
1966,2021,7,Venta,0,27/11/17,Efectivo
836,1412,7,Venta,0,28/11/17,Tarjeta
1593,4576,3,Venta,0,28/11/17,Efectivo
338,305,3,Venta,0,28/11/17,Tarjeta
835,490,3,Venta,0,28/11/17,Tarjeta
1078,4787,3,Venta,0,29/11/17,Efectivo
1778,4010,7,Venta,0,29/11/17,Tarjeta
2804,3325,4,Venta,0,29/11/17,Tarjeta
2371,2758,6,Venta,0,30/11/17,Tarjeta
2429,2997,7,Venta,0,30/11/17,Efectivo
1196,4144,4,Venta,0,30/11/17,Tarjeta
2065,3974,6,Venta,0,01/12/17,Tarjeta
1948,2239,3,Venta,0,01/12/17,Efectivo
2216,2833,6,Venta,0,01/12/17,Efectivo
1632,4263,7,Venta,0,01/12/17,Tarjeta
731,1871,3,Venta,0,01/12/17,Efectivo
1644,1597,5,Venta,0,01/12/17,Tarjeta
2526,514,7,Venta,0,01/12/17,Efectivo
1538,2939,7,Venta,0,02/12/17,Efectivo
444,548,5,Venta,0,02/12/17,Efectivo
434,4450,2,Venta,0,02/12/17,Efectivo
2308,3477,3,Venta,0,03/12/17,Tarjeta
2075,3306,5,Venta,0,03/12/17,Efectivo
1094,3126,5,Venta,0,03/12/17,Efectivo
2542,1013,4,Venta,0,03/12/17,Efectivo
687,1007,2,Venta,0,04/12/17,Efectivo
657,290,6,Venta,0,04/12/17,Tarjeta
1251,219,3,Venta,0,04/12/17,Tarjeta
2432,1459,3,Venta,0,04/12/17,Efectivo
1309,266,3,Venta,0,04/12/17,Tarjeta
1590,3779,3,Venta,0,05/12/17,Tarjeta
1484,2870,2,Venta,0,05/12/17,Efectivo
1446,4514,5,Venta,0,05/12/17,Tarjeta
1079,3665,6,Venta,0,05/12/17,Tarjeta
2726,1859,2,Venta,0,06/12/17,Efectivo
1365,3016,4,Venta,0,06/12/17,Tarjeta
857,2073,7,Venta,0,06/12/17,Tarjeta
1243,268,6,Venta,0,07/12/17,Tarjeta
999,2058,3,Venta,0,08/12/17,Tarjeta
1787,1335,2,Venta,0,08/12/17,Efectivo
2315,2056,7,Venta,0,08/12/17,Tarjeta
285,3129,7,Venta,0,09/12/17,Tarjeta
2223,2186,5,Venta,0,10/12/17,Efectivo
2026,736,4,Venta,0,10/12/17,Tarjeta
812,3171,2,Venta,0,10/12/17,Tarjeta
1058,4375,4,Venta,0,11/12/17,Tarjeta
1185,2805,3,Venta,0,11/12/17,Tarjeta
1059,2366,3,Venta,0,11/12/17,Tarjeta
2466,4609,3,Venta,0,11/12/17,Efectivo
1797,2895,6,Venta,0,12/12/17,Tarjeta
905,4900,5,Venta,0,12/12/17,Efectivo
22,4676,7,Venta,0,12/12/17,Efectivo
1270,1672,7,Venta,0,12/12/17,Tarjeta
2191,4084,5,Venta,0,13/12/17,Tarjeta
2321,3264,4,Venta,0,13/12/17,Efectivo
2204,1624,4,Venta,0,13/12/17,Tarjeta
2633,1438,6,Venta,0,14/12/17,Efectivo
865,4205,7,Venta,0,14/12/17,Efectivo
1152,3451,3,Venta,0,14/12/17,Tarjeta
709,133,6,Venta,0,14/12/17,Tarjeta
2266,607,3,Venta,0,15/12/17,Tarjeta
654,2185,5,Venta,0,16/12/17,Efectivo
752,4653,3,Venta,0,16/12/17,Tarjeta
403,2640,7,Venta,0,16/12/17,Efectivo
1279,957,4,Venta,0,16/12/17,Tarjeta
2022,1844,2,Venta,0,16/12/17,Tarjeta
85,1590,3,Venta,0,17/12/17,Efectivo
1373,4121,6,Venta,0,17/12/17,Tarjeta
2471,1574,4,Venta,0,17/12/17,Tarjeta
1704,3333,2,Venta,0,17/12/17,Efectivo
298,2048,6,Venta,0,17/12/17,Tarjeta
296,3942,1,Venta,0,17/12/17,Tarjeta
1794,4077,2,Venta,0,17/12/17,Tarjeta
404,4774,5,Venta,0,18/12/17,Tarjeta
2276,4276,4,Venta,0,18/12/17,Efectivo
1122,3805,4,Venta,0,18/12/17,Tarjeta
2380,3553,2,Venta,0,18/12/17,Efectivo
2746,4605,1,Venta,0,19/12/17,Efectivo
1656,4379,4,Venta,0,19/12/17,Efectivo
2638,4167,6,Venta,0,19/12/17,Efectivo
2503,2802,5,Venta,0,20/12/17,Efectivo
1947,1159,7,Venta,0,20/12/17,Tarjeta
1162,1629,5,Venta,0,20/12/17,Efectivo
821,2794,1,Venta,0,20/12/17,Efectivo
916,407,2,Venta,0,21/12/17,Tarjeta
2456,2446,2,Venta,0,21/12/17,Tarjeta
1968,4197,6,Venta,0,21/12/17,Efectivo
1908,4999,1,Venta,0,21/12/17,Tarjeta
1420,3086,3,Venta,0,21/12/17,Tarjeta
503,4520,7,Venta,0,21/12/17,Efectivo
498,4221,1,Venta,0,22/12/17,Tarjeta
2494,425,2,Venta,0,22/12/17,Efectivo
1018,3597,3,Venta,0,22/12/17,Efectivo
2741,1123,1,Venta,0,22/12/17,Efectivo
173,2273,6,Venta,0,22/12/17,Tarjeta
2806,2053,1,Venta,0,22/12/17,Efectivo
1796,4058,2,Venta,0,22/12/17,Efectivo
18,545,3,Venta,0,22/12/17,Tarjeta
1806,2175,6,Venta,0,22/12/17,Tarjeta
2043,3221,2,Venta,0,23/12/17,Efectivo
2791,4089,6,Venta,0,24/12/17,Tarjeta
230,42,2,Venta,0,24/12/17,Efectivo
735,158,3,Venta,0,24/12/17,Efectivo
1453,3133,2,Venta,0,24/12/17,Tarjeta
2977,4535,5,Venta,0,25/12/17,Tarjeta
2200,1362,2,Venta,0,25/12/17,Efectivo
2544,4893,1,Venta,0,25/12/17,Tarjeta
1818,78,2,Venta,0,25/12/17,Efectivo
1164,3230,3,Venta,0,25/12/17,Tarjeta
934,1575,5,Venta,0,25/12/17,Tarjeta
1555,336,6,Venta,0,25/12/17,Efectivo
708,4981,6,Venta,0,25/12/17,Efectivo
2259,611,7,Venta,0,25/12/17,Tarjeta
579,2767,1,Venta,0,26/12/17,Tarjeta
1266,4950,7,Venta,0,26/12/17,Tarjeta
1539,1722,5,Venta,0,27/12/17,Efectivo
106,4319,4,Venta,0,27/12/17,Tarjeta
2329,4671,2,Venta,0,27/12/17,Efectivo
1194,224,1,Venta,0,27/12/17,Tarjeta
332,3252,2,Venta,0,27/12/17,Tarjeta
2929,1629,1,Venta,0,27/12/17,Tarjeta
2337,2137,3,Venta,0,27/12/17,Efectivo
476,562,2,Venta,0,27/12/17,Efectivo
1766,152,6,Venta,0,27/12/17,Tarjeta
2035,4630,2,Venta,0,28/12/17,Tarjeta
526,4061,3,Venta,0,28/12/17,Efectivo
1124,4862,2,Venta,0,28/12/17,Tarjeta
1553,2654,4,Venta,0,28/12/17,Efectivo
621,141,2,Venta,0,29/12/17,Tarjeta
52,742,2,Venta,0,29/12/17,Tarjeta
318,1789,7,Venta,0,30/12/17,Tarjeta
773,4855,2,Venta,0,30/12/17,Efectivo
1912,2344,3,Venta,0,31/12/17,Tarjeta
177,312,5,Venta,0,29/02/2017,Tarjeta